<?xml version="1.0" encoding="UTF-8"?><SearchParameter xmlns="http://hl7.org/fhir"><id value="careteam-participant"/><text><status value="generated"/><div xmlns="http://www.w3.org/1999/xhtml"><p><b>Generated Narrative with Details</b></p><p><b>url</b>: <b>http://hl7.org/fhir/uv/vhdir/SearchParameter/careteam-participant</b></p><p><b>name</b>: VhDir_sp_careteam_member</p><p><b>derivedFrom</b>: <a href="http://hl7.org/fhir/SearchParameter/CareTeam-participant">http://hl7.org/fhir/SearchParameter/CareTeam-participant</a></p><p><b>status</b>: DRAFT</p><p><b>date</b>: May 23, 2018, 12:00:00 AM</p><p><b>publisher</b>: HL7 Patient Administration Committee</p><p><b>contact</b>: </p><p><b>description</b>: Select care teams that include the specified member</p><p><b>code</b>: participant</p><p><b>base</b>: CareTeam</p><p><b>type</b>: REFERENCE</p><p><b>expression</b>: CareTeam.participant.member</p><p><b>target</b>: PractitionerRole, Organization, CareTeam</p><p><b>multipleOr</b>: true</p><p><b>multipleAnd</b>: true</p><p><b>modifier</b>: TYPE</p><p><b>chain</b>: identifier, location, practitioner, organization, role, address, name, partof</p></div></text><url value="http://hl7.org/fhir/uv/vhdir/SearchParameter/careteam-participant"/><version value="0.1.0"/><name value="VhDir_sp_careteam_member"/><derivedFrom value="http://hl7.org/fhir/SearchParameter/CareTeam-participant"/><status value="draft"/><date value="2018-05-22T20:00:00-04:00"/><publisher value="HL7 Patient Administration Committee"/><contact><telecom><system value="url"/><value value="http://www.hl7.org/Special/committees/pafm/index.cfm"/></telecom></contact><description value="Select care teams that include the specified member"/><code value="participant"/><base value="CareTeam"/><type value="reference"/><expression value="CareTeam.participant.member"/><target value="PractitionerRole"/><target value="Organization"/><target value="CareTeam"/><multipleOr value="true"/><multipleAnd value="true"/><modifier value="type"/><chain value="identifier"/><chain value="location"/><chain value="practitioner"/><chain value="organization"/><chain value="role"/><chain value="address"/><chain value="name"/><chain value="partof"/></SearchParameter>