<?xml version="1.0" encoding="UTF-8"?><SearchParameter xmlns="http://hl7.org/fhir"><id value="organization-type"/><text><status value="generated"/><div xmlns="http://www.w3.org/1999/xhtml"><p><b>Generated Narrative with Details</b></p><p><b>url</b>: <b>http://hl7.org/fhir/uv/vhdir/SearchParameter/organization-type</b></p><p><b>name</b>: VhDir_sp_organization_type</p><p><b>derivedFrom</b>: <a href="http://hl7.org/fhir/SearchParameter/Organization-type">http://hl7.org/fhir/SearchParameter/Organization-type</a></p><p><b>status</b>: DRAFT</p><p><b>date</b>: May 23, 2018, 12:00:00 AM</p><p><b>publisher</b>: HL7 Patient Administration Committee</p><p><b>contact</b>: </p><p><b>description</b>: Select Organizations of the specified type</p><p><b>code</b>: type</p><p><b>base</b>: Organization</p><p><b>type</b>: TOKEN</p><p><b>expression</b>: Organization.type</p><p><b>multipleOr</b>: true</p><p><b>multipleAnd</b>: true</p><p><b>modifier</b>: TEXT</p></div></text><url value="http://hl7.org/fhir/uv/vhdir/SearchParameter/organization-type"/><version value="0.1.0"/><name value="VhDir_sp_organization_type"/><derivedFrom value="http://hl7.org/fhir/SearchParameter/Organization-type"/><status value="draft"/><date value="2018-05-22T20:00:00-04:00"/><publisher value="HL7 Patient Administration Committee"/><contact><telecom><system value="url"/><value value="http://www.hl7.org/Special/committees/pafm/index.cfm"/></telecom></contact><description value="Select Organizations of the specified type"/><code value="type"/><base value="Organization"/><type value="token"/><expression value="Organization.type"/><multipleOr value="true"/><multipleAnd value="true"/><modifier value="text"/></SearchParameter>