<?xml version="1.0" encoding="UTF-8"?><SearchParameter xmlns="http://hl7.org/fhir"><id value="organizationaffiliation-primary-organization"/><text><status value="generated"/><div xmlns="http://www.w3.org/1999/xhtml"><p><b>Generated Narrative with Details</b></p><p><b>url</b>: <b>http://hl7.org/fhir/uv/vhdir/SearchParameter/organizationaffiliation-primary-organization</b></p><p><b>name</b>: VhDir_sp_organizationaffiliation_primary_organization</p><p><b>derivedFrom</b>: <a href="http://hl7.org/fhir/SearchParameter/OrganizationAffiliation-primary-organization">http://hl7.org/fhir/SearchParameter/OrganizationAffiliation-primary-organization</a></p><p><b>status</b>: DRAFT</p><p><b>date</b>: May 23, 2018, 12:00:00 AM</p><p><b>publisher</b>: HL7 Patient Administration Committee</p><p><b>contact</b>: </p><p><b>description</b>: Select roles offered by the specified organization</p><p><b>code</b>: primary-organization</p><p><b>base</b>: OrganizationAffiliation</p><p><b>type</b>: REFERENCE</p><p><b>expression</b>: OrganizationAffiliation.organization</p><p><b>target</b>: Organization</p><p><b>multipleOr</b>: true</p><p><b>multipleAnd</b>: true</p><p><b>modifier</b>: ABOVE, BELOW</p><p><b>chain</b>: identifier, type, address, name, partof</p></div></text><url value="http://hl7.org/fhir/uv/vhdir/SearchParameter/organizationaffiliation-primary-organization"/><version value="0.1.0"/><name value="VhDir_sp_organizationaffiliation_primary_organization"/><derivedFrom value="http://hl7.org/fhir/SearchParameter/OrganizationAffiliation-primary-organization"/><status value="draft"/><date value="2018-05-22T20:00:00-04:00"/><publisher value="HL7 Patient Administration Committee"/><contact><telecom><system value="url"/><value value="http://www.hl7.org/Special/committees/pafm/index.cfm"/></telecom></contact><description value="Select roles offered by the specified organization"/><code value="primary-organization"/><base value="OrganizationAffiliation"/><type value="reference"/><expression value="OrganizationAffiliation.organization"/><target value="Organization"/><multipleOr value="true"/><multipleAnd value="true"/><modifier value="above"/><modifier value="below"/><chain value="identifier"/><chain value="type"/><chain value="address"/><chain value="name"/><chain value="partof"/></SearchParameter>