<?xml version="1.0" encoding="UTF-8"?><SearchParameter xmlns="http://hl7.org/fhir"><id value="location-new-patient"/><text><status value="generated"/><div xmlns="http://www.w3.org/1999/xhtml"><p><b>Generated Narrative with Details</b></p><p><b>url</b>: <b>http://hl7.org/fhir/uv/vhdir/SearchParameter/location-new-patient</b></p><p><b>name</b>: VhDir_sp_location_new_patient</p><p><b>status</b>: DRAFT</p><p><b>date</b>: May 23, 2018, 12:00:00 AM</p><p><b>publisher</b>: HL7 Patient Administration Committee</p><p><b>contact</b>: </p><p><b>description</b>: Select locations that are/are not accepting new patients</p><p><b>code</b>: new-patient</p><p><b>base</b>: Location</p><p><b>type</b>: TOKEN</p><p><b>expression</b>: Location.extension(&#39;http://hl7.org/fhir/uv/vhdir/StructureDefinition/newpatients&#39;).extension(&#39;acceptingPatients&#39;)</p><p><b>multipleAnd</b>: true</p></div></text><url value="http://hl7.org/fhir/uv/vhdir/SearchParameter/location-new-patient"/><version value="0.1.0"/><name value="VhDir_sp_location_new_patient"/><status value="draft"/><date value="2018-05-22T20:00:00-04:00"/><publisher value="HL7 Patient Administration Committee"/><contact><telecom><system value="url"/><value value="http://www.hl7.org/Special/committees/pafm/index.cfm"/></telecom></contact><description value="Select locations that are/are not accepting new patients"/><code value="new-patient"/><base value="Location"/><type value="token"/><expression value="Location.extension(&#39;http://hl7.org/fhir/uv/vhdir/StructureDefinition/newpatients&#39;).extension(&#39;acceptingPatients&#39;)"/><multipleAnd value="true"/></SearchParameter>