<?xml version="1.0" encoding="UTF-8"?><SearchParameter xmlns="http://hl7.org/fhir"><id value="practitionerrole-qualification-code"/><text><status value="generated"/><div xmlns="http://www.w3.org/1999/xhtml"><p><b>Generated Narrative with Details</b></p><p><b>url</b>: <b>http://hl7.org/fhir/uv/vhdir/SearchParameter/practitionerrole-qualification-code</b></p><p><b>name</b>: VhDir_sp_practitionerrole_qualification_code</p><p><b>status</b>: DRAFT</p><p><b>date</b>: May 23, 2018, 12:00:00 AM</p><p><b>publisher</b>: HL7 Patient Administration Committee</p><p><b>contact</b>: </p><p><b>description</b>: Select PractitionerRoles with a type of qualification matching the specified code</p><p><b>code</b>: qualification-code</p><p><b>base</b>: PractitionerRole</p><p><b>type</b>: TOKEN</p><p><b>expression</b>: PractitionerRole.extension(&#39;http://hl7.org/fhir/uv/vhdir/StructureDefinition/qualification&#39;).extension(&#39;code&#39;)</p><p><b>multipleOr</b>: true</p><p><b>multipleAnd</b>: true</p><p><b>modifier</b>: TEXT</p></div></text><url value="http://hl7.org/fhir/uv/vhdir/SearchParameter/practitionerrole-qualification-code"/><version value="0.1.0"/><name value="VhDir_sp_practitionerrole_qualification_code"/><status value="draft"/><date value="2018-05-22T20:00:00-04:00"/><publisher value="HL7 Patient Administration Committee"/><contact><telecom><system value="url"/><value value="http://www.hl7.org/Special/committees/pafm/index.cfm"/></telecom></contact><description value="Select PractitionerRoles with a type of qualification matching the specified code"/><code value="qualification-code"/><base value="PractitionerRole"/><type value="token"/><expression value="PractitionerRole.extension(&#39;http://hl7.org/fhir/uv/vhdir/StructureDefinition/qualification&#39;).extension(&#39;code&#39;)"/><multipleOr value="true"/><multipleAnd value="true"/><modifier value="text"/></SearchParameter>