<?xml version="1.0" encoding="UTF-8"?>

<SearchParameter xmlns="http://hl7.org/fhir">
  <id value="practitioner-identifier-assigner"/>
  <text>
    <status value="generated"/><div xmlns="http://www.w3.org/1999/xhtml"><p><b>Generated Narrative with Details</b></p><p><b>url</b>: <b>http://hl7.org/fhir/uv/vhdir/SearchParameter/practitioner-identifier-assigner</b></p><p><b>name</b>: VhDir_sp_practitioner_identifier_assigner</p><p><b>status</b>: DRAFT</p><p><b>date</b>: May 23, 2018, 12:00:00 AM</p><p><b>publisher</b>: HL7 Patient Administration Committee</p><p><b>contact</b>: </p><p><b>description</b>: Select Practitioners with an identifier issued by the specified organization</p><p><b>code</b>: identifier-assigner</p><p><b>base</b>: Practitioner</p><p><b>type</b>: REFERENCE</p><p><b>expression</b>: Practitioner.identifier.assigner</p><p><b>target</b>: Organization</p><p><b>multipleOr</b>: true</p><p><b>multipleAnd</b>: true</p><p><b>modifier</b>: BELOW</p><p><b>chain</b>: identifier, name</p></div>
  </text>
  <url value="http://hl7.org/fhir/uv/vhdir/SearchParameter/practitioner-identifier-assigner"/>
  <version value="0.2.0"/>
  <name value="VhDir_sp_practitioner_identifier_assigner"/>
  <status value="draft"/>
  <date value="2018-05-23T00:00:00+00:00"/>
  <publisher value="HL7 Patient Administration Committee"/>
  <contact>
    <telecom>
      <system value="url"/>
      <value value="http://www.hl7.org/Special/committees/pafm/index.cfm"/>
    </telecom>
  </contact>
  <description value="Select Practitioners with an identifier issued by the specified organization"/>
  <code value="identifier-assigner"/>
  <base value="Practitioner"/>
  <type value="reference"/>
  <expression value="Practitioner.identifier.assigner"/>
  <target value="Organization"/>
  <multipleOr value="true"/>
  <multipleAnd value="true"/>
  <modifier value="below"/>
  <chain value="identifier"/>
  <chain value="name"/>
</SearchParameter>