<?xml version="1.0" encoding="UTF-8"?>

<SearchParameter xmlns="http://hl7.org/fhir">
  <id value="endpoint-usecase-standard"/>
  <text>
    <status value="generated"/><div xmlns="http://www.w3.org/1999/xhtml"><p><b>Generated Narrative with Details</b></p><p><b>url</b>: <b>http://hl7.org/fhir/uv/vhdir/SearchParameter/endpoint-usecase-standard</b></p><p><b>name</b>: VhDir_sp_endpoint_usecase_standard</p><p><b>status</b>: DRAFT</p><p><b>date</b>: May 23, 2018, 12:00:00 AM</p><p><b>publisher</b>: HL7 Patient Administration Committee</p><p><b>contact</b>: </p><p><b>description</b>: Select endpoints that support the specified standard</p><p><b>code</b>: usecase-standard</p><p><b>base</b>: Endpoint</p><p><b>type</b>: URI</p><p><b>expression</b>: Endpoint.extension('http://hl7.org/fhir/uv/vhdir/StructureDefinition/endpoint-usecase').extension('standard')</p><p><b>multipleOr</b>: true</p><p><b>multipleAnd</b>: true</p><p><b>modifier</b>: BELOW</p></div>
  </text>
  <url value="http://hl7.org/fhir/uv/vhdir/SearchParameter/endpoint-usecase-standard"/>
  <version value="0.2.0"/>
  <name value="VhDir_sp_endpoint_usecase_standard"/>
  <status value="draft"/>
  <date value="2018-05-23T00:00:00+00:00"/>
  <publisher value="HL7 Patient Administration Committee"/>
  <contact>
    <telecom>
      <system value="url"/>
      <value value="http://www.hl7.org/Special/committees/pafm/index.cfm"/>
    </telecom>
  </contact>
  <description value="Select endpoints that support the specified standard"/>
  <code value="usecase-standard"/>
  <base value="Endpoint"/>
  <type value="uri"/>
  <expression value="Endpoint.extension(&#39;http://hl7.org/fhir/uv/vhdir/StructureDefinition/endpoint-usecase&#39;).extension(&#39;standard&#39;)"/>
  <multipleOr value="true"/>
  <multipleAnd value="true"/>
  <modifier value="below"/>
</SearchParameter>