<?xml version="1.0" encoding="UTF-8"?>

<SearchParameter xmlns="http://hl7.org/fhir">
  <id value="healthcareservice-location"/>
  <text>
    <status value="generated"/><div xmlns="http://www.w3.org/1999/xhtml"><p><b>Generated Narrative with Details</b></p><p><b>url</b>: <b>http://hl7.org/fhir/uv/vhdir/SearchParameter/healthcareservice-location</b></p><p><b>name</b>: VhDir_sp_healthcareservice_location</p><p><b>derivedFrom</b>: <a href="http://hl7.org/fhir/SearchParameter/HealthcareService-location">http://hl7.org/fhir/SearchParameter/HealthcareService-location</a></p><p><b>status</b>: DRAFT</p><p><b>date</b>: May 23, 2018, 12:00:00 AM</p><p><b>publisher</b>: HL7 Patient Administration Committee</p><p><b>contact</b>: </p><p><b>description</b>: Select HealthcareServices available at the specified location</p><p><b>code</b>: location</p><p><b>base</b>: HealthcareService</p><p><b>type</b>: REFERENCE</p><p><b>expression</b>: HealthcareService.location</p><p><b>target</b>: Location</p><p><b>multipleOr</b>: true</p><p><b>multipleAnd</b>: true</p><p><b>modifier</b>: ABOVE, BELOW</p><p><b>chain</b>: identifier, address, organization, type</p></div>
  </text>
  <url value="http://hl7.org/fhir/uv/vhdir/SearchParameter/healthcareservice-location"/>
  <version value="0.2.0"/>
  <name value="VhDir_sp_healthcareservice_location"/>
  <derivedFrom value="http://hl7.org/fhir/SearchParameter/HealthcareService-location"/>
  <status value="draft"/>
  <date value="2018-05-23T00:00:00+00:00"/>
  <publisher value="HL7 Patient Administration Committee"/>
  <contact>
    <telecom>
      <system value="url"/>
      <value value="http://www.hl7.org/Special/committees/pafm/index.cfm"/>
    </telecom>
  </contact>
  <description value="Select HealthcareServices available at the specified location"/>
  <code value="location"/>
  <base value="HealthcareService"/>
  <type value="reference"/>
  <expression value="HealthcareService.location"/>
  <target value="Location"/>
  <multipleOr value="true"/>
  <multipleAnd value="true"/>
  <modifier value="above"/>
  <modifier value="below"/>
  <chain value="identifier"/>
  <chain value="address"/>
  <chain value="organization"/>
  <chain value="type"/>
</SearchParameter>