<?xml version="1.0" encoding="UTF-8"?>

<SearchParameter xmlns="http://hl7.org/fhir">
  <id value="insuranceplan-name"/>
  <text>
    <status value="generated"/><div xmlns="http://www.w3.org/1999/xhtml"><p><b>Generated Narrative with Details</b></p><p><b>url</b>: <b>http://hl7.org/fhir/uv/vhdir/SearchParameter/insuranceplan-name</b></p><p><b>name</b>: VhDir_sp_insuranceplan_name</p><p><b>derivedFrom</b>: <a href="http://hl7.org/fhir/SearchParameter/InsurancePlan-name">http://hl7.org/fhir/SearchParameter/InsurancePlan-name</a></p><p><b>status</b>: DRAFT</p><p><b>date</b>: May 23, 2018, 12:00:00 AM</p><p><b>publisher</b>: HL7 Patient Administration Committee</p><p><b>contact</b>: </p><p><b>description</b>: Select products with the specified name</p><p><b>code</b>: name</p><p><b>base</b>: InsurancePlan</p><p><b>type</b>: STRING</p><p><b>expression</b>: InsurancePlan.name|InsurancePlan.alias</p><p><b>multipleOr</b>: true</p><p><b>multipleAnd</b>: true</p><p><b>modifier</b>: EXACT, CONTAINS</p></div>
  </text>
  <url value="http://hl7.org/fhir/uv/vhdir/SearchParameter/insuranceplan-name"/>
  <version value="0.2.0"/>
  <name value="VhDir_sp_insuranceplan_name"/>
  <derivedFrom value="http://hl7.org/fhir/SearchParameter/InsurancePlan-name"/>
  <status value="draft"/>
  <date value="2018-05-23T00:00:00+00:00"/>
  <publisher value="HL7 Patient Administration Committee"/>
  <contact>
    <telecom>
      <system value="url"/>
      <value value="http://www.hl7.org/Special/committees/pafm/index.cfm"/>
    </telecom>
  </contact>
  <description value="Select products with the specified name"/>
  <code value="name"/>
  <base value="InsurancePlan"/>
  <type value="string"/>
  <expression value="InsurancePlan.name|InsurancePlan.alias"/>
  <multipleOr value="true"/>
  <multipleAnd value="true"/>
  <modifier value="exact"/>
  <modifier value="contains"/>
</SearchParameter>