<?xml version="1.0" encoding="UTF-8"?>

<SearchParameter xmlns="http://hl7.org/fhir">
  <id value="practitionerrole-network"/>
  <text>
    <status value="generated"/><div xmlns="http://www.w3.org/1999/xhtml"><p><b>Generated Narrative with Details</b></p><p><b>url</b>: <b>http://hl7.org/fhir/uv/vhdir/SearchParameter/practitionerrole-network</b></p><p><b>name</b>: VhDir_sp_practitionerrole_network</p><p><b>status</b>: DRAFT</p><p><b>date</b>: May 23, 2018, 12:00:00 AM</p><p><b>publisher</b>: HL7 Patient Administration Committee</p><p><b>contact</b>: </p><p><b>description</b>: Select roles where the practitioner is a member of the specified health insurance provider network</p><p><b>code</b>: network</p><p><b>base</b>: PractitionerRole</p><p><b>type</b>: REFERENCE</p><p><b>expression</b>: PractitionerRole.extension('http://hl7.org/fhir/uv/vhdir/StructureDefinition/network-reference')</p><p><b>target</b>: Organization</p><p><b>multipleOr</b>: true</p><p><b>multipleAnd</b>: true</p><p><b>chain</b>: identifier, name, partof</p></div>
  </text>
  <url value="http://hl7.org/fhir/uv/vhdir/SearchParameter/practitionerrole-network"/>
  <version value="0.2.0"/>
  <name value="VhDir_sp_practitionerrole_network"/>
  <status value="draft"/>
  <date value="2018-05-23T00:00:00+00:00"/>
  <publisher value="HL7 Patient Administration Committee"/>
  <contact>
    <telecom>
      <system value="url"/>
      <value value="http://www.hl7.org/Special/committees/pafm/index.cfm"/>
    </telecom>
  </contact>
  <description value="Select roles where the practitioner is a member of the specified health insurance provider network"/>
  <code value="network"/>
  <base value="PractitionerRole"/>
  <type value="reference"/>
  <expression value="PractitionerRole.extension(&#39;http://hl7.org/fhir/uv/vhdir/StructureDefinition/network-reference&#39;)"/>
  <target value="Organization"/>
  <multipleOr value="true"/>
  <multipleAnd value="true"/>
  <chain value="identifier"/>
  <chain value="name"/>
  <chain value="partof"/>
</SearchParameter>