<?xml version="1.0" encoding="UTF-8"?>

<SearchParameter xmlns="http://hl7.org/fhir">
  <id value="insuranceplan-identifier"/>
  <text>
    <status value="generated"/><div xmlns="http://www.w3.org/1999/xhtml"><p><b>Generated Narrative with Details</b></p><p><b>url</b>: <b>http://hl7.org/fhir/uv/vhdir/SearchParameter/insuranceplan-identifier</b></p><p><b>name</b>: VhDir_sp_insuranceplan_identifier</p><p><b>derivedFrom</b>: <a href="http://hl7.org/fhir/SearchParameter/InsurancePlan-identifier">http://hl7.org/fhir/SearchParameter/InsurancePlan-identifier</a></p><p><b>status</b>: DRAFT</p><p><b>date</b>: May 23, 2018, 12:00:00 AM</p><p><b>publisher</b>: HL7 Patient Administration Committee</p><p><b>contact</b>: </p><p><b>description</b>: Select products with the specified identifier</p><p><b>code</b>: identifier</p><p><b>base</b>: InsurancePlan</p><p><b>type</b>: TOKEN</p><p><b>expression</b>: InsurancePlan.identifier</p><p><b>multipleOr</b>: true</p><p><b>multipleAnd</b>: true</p><p><b>modifier</b>: TEXT, OFTYPE</p></div>
  </text>
  <url value="http://hl7.org/fhir/uv/vhdir/SearchParameter/insuranceplan-identifier"/>
  <version value="0.2.0"/>
  <name value="VhDir_sp_insuranceplan_identifier"/>
  <derivedFrom value="http://hl7.org/fhir/SearchParameter/InsurancePlan-identifier"/>
  <status value="draft"/>
  <date value="2018-05-23T00:00:00+00:00"/>
  <publisher value="HL7 Patient Administration Committee"/>
  <contact>
    <telecom>
      <system value="url"/>
      <value value="http://www.hl7.org/Special/committees/pafm/index.cfm"/>
    </telecom>
  </contact>
  <description value="Select products with the specified identifier"/>
  <code value="identifier"/>
  <base value="InsurancePlan"/>
  <type value="token"/>
  <expression value="InsurancePlan.identifier"/>
  <multipleOr value="true"/>
  <multipleAnd value="true"/>
  <modifier value="text"/>
  <modifier value="ofType"/>
</SearchParameter>