{"resourceType":"SearchParameter","id":"practitionerrole-via-intermediary","text":{"status":"generated","div":"<div xmlns=\"http://www.w3.org/1999/xhtml\"><p><b>Generated Narrative with Details</b></p><p><b>url</b>: <b>http://hl7.org/fhir/uv/vhdir/SearchParameter/practitionerrole-via-intermediary</b></p><p><b>name</b>: VhDir_sp_practitionerrole_via_intermediary</p><p><b>status</b>: DRAFT</p><p><b>date</b>: May 23, 2018, 12:00:00 AM</p><p><b>publisher</b>: HL7 Patient Administration Committee</p><p><b>contact</b>: </p><p><b>description</b>: Select PractitionerRoles with contact information available through the specified intermediary</p><p><b>code</b>: via-intermediary</p><p><b>base</b>: PractitionerRole</p><p><b>type</b>: REFERENCE</p><p><b>expression</b>: PractitionerRole.telecom.extension('http://hl7.org/fhir/uv/vhdir/StructureDefinition/contactpoint-viaintermediary')</p><p><b>target</b>: PractitionerRole, Organization, OrganizationAffiliation, Location</p><p><b>multipleOr</b>: true</p><p><b>multipleAnd</b>: true</p></div>"},"url":"http://hl7.org/fhir/uv/vhdir/SearchParameter/practitionerrole-via-intermediary","version":"0.1.0","name":"VhDir_sp_practitionerrole_via_intermediary","status":"draft","date":"2018-05-22T20:00:00-04:00","publisher":"HL7 Patient Administration Committee","contact":[{"telecom":[{"system":"url","value":"http://www.hl7.org/Special/committees/pafm/index.cfm"}]}],"code":"via-intermediary","base":["PractitionerRole"],"type":"reference","description":"Select PractitionerRoles with contact information available through the specified intermediary","expression":"PractitionerRole.telecom.extension('http://hl7.org/fhir/uv/vhdir/StructureDefinition/contactpoint-viaintermediary')","target":["PractitionerRole","Organization","OrganizationAffiliation","Location"]}