{"resourceType":"SearchParameter","id":"healthcareservice-eligibility","text":{"status":"generated","div":"<div xmlns=\"http://www.w3.org/1999/xhtml\"><p><b>Generated Narrative with Details</b></p><p><b>url</b>: <b>http://hl7.org/fhir/uv/vhdir/SearchParameter/healthcareservice-eligibility</b></p><p><b>name</b>: VhDir_sp_healthcareservice_eligibility</p><p><b>status</b>: DRAFT</p><p><b>date</b>: May 23, 2018, 12:00:00 AM</p><p><b>publisher</b>: HL7 Patient Administration Committee</p><p><b>contact</b>: </p><p><b>description</b>: Select services with the specified eligibility requirements</p><p><b>code</b>: eligibility</p><p><b>base</b>: HealthcareService</p><p><b>type</b>: TOKEN</p><p><b>expression</b>: HealthcareService.eligibility.code</p><p><b>multipleOr</b>: true</p><p><b>multipleAnd</b>: true</p><p><b>modifier</b>: TEXT</p></div>"},"url":"http://hl7.org/fhir/uv/vhdir/SearchParameter/healthcareservice-eligibility","version":"0.1.0","name":"VhDir_sp_healthcareservice_eligibility","status":"draft","date":"2018-05-22T20:00:00-04:00","publisher":"HL7 Patient Administration Committee","contact":[{"telecom":[{"system":"url","value":"http://www.hl7.org/Special/committees/pafm/index.cfm"}]}],"code":"eligibility","base":["HealthcareService"],"type":"token","description":"Select services with the specified eligibility requirements","expression":"HealthcareService.eligibility.code","modifier":["text"]}