{"resourceType":"SearchParameter","id":"verificationresult-attestation-onbehalfof","text":{"status":"generated","div":"<div xmlns=\"http://www.w3.org/1999/xhtml\"><p><b>Generated Narrative with Details</b></p><p><b>url</b>: <b>http://hl7.org/fhir/uv/vhdir/SearchParameter/verificationresult-attestation-onbehalfof</b></p><p><b>name</b>: VhDir_sp_verificationresult_attestation_onbehalfof</p><p><b>status</b>: DRAFT</p><p><b>date</b>: May 23, 2018, 12:00:00 AM</p><p><b>publisher</b>: HL7 Patient Administration Committee</p><p><b>contact</b>: </p><p><b>description</b>: Select validation information for data that was attested to on behalf of the specified source</p><p><b>code</b>: attestation-onbehalfof</p><p><b>base</b>: VerificationResult</p><p><b>type</b>: REFERENCE</p><p><b>expression</b>: VerificationResult.attestation.onBehalfOf</p><p><b>target</b>: Practitioner, Organization, PractitionerRole</p><p><b>multipleOr</b>: true</p><p><b>multipleAnd</b>: true</p><p><b>modifier</b>: TYPE</p><p><b>chain</b>: identifier, address, name, partof, location, organization, practitioner</p></div>"},"url":"http://hl7.org/fhir/uv/vhdir/SearchParameter/verificationresult-attestation-onbehalfof","version":"0.1.0","name":"VhDir_sp_verificationresult_attestation_onbehalfof","status":"draft","date":"2018-05-22T20:00:00-04:00","publisher":"HL7 Patient Administration Committee","contact":[{"telecom":[{"system":"url","value":"http://www.hl7.org/Special/committees/pafm/index.cfm"}]}],"code":"attestation-onbehalfof","base":["VerificationResult"],"type":"reference","description":"Select validation information for data that was attested to on behalf of the specified source","expression":"VerificationResult.attestation.onBehalfOf","target":["Practitioner","Organization","PractitionerRole"],"modifier":["type"],"chain":["identifier","address","name","partof","location","organization","practitioner"]}