{"resourceType":"SearchParameter","id":"practitionerrole-location","text":{"status":"generated","div":"<div xmlns=\"http://www.w3.org/1999/xhtml\"><p><b>Generated Narrative with Details</b></p><p><b>url</b>: <b>http://hl7.org/fhir/uv/vhdir/SearchParameter/practitionerrole-location</b></p><p><b>name</b>: VhDir_sp_practitionerrole_location</p><p><b>derivedFrom</b>: <a href=\"http://hl7.org/fhir/SearchParameter/PractitionerRole-location\">http://hl7.org/fhir/SearchParameter/PractitionerRole-location</a></p><p><b>status</b>: DRAFT</p><p><b>date</b>: May 23, 2018, 12:00:00 AM</p><p><b>publisher</b>: HL7 Patient Administration Committee</p><p><b>contact</b>: </p><p><b>description</b>: Select PractitionerRoles available at the specified location</p><p><b>code</b>: location</p><p><b>base</b>: PractitionerRole</p><p><b>type</b>: REFERENCE</p><p><b>expression</b>: PractitionerRole.location</p><p><b>target</b>: Location</p><p><b>multipleOr</b>: true</p><p><b>multipleAnd</b>: true</p><p><b>modifier</b>: ABOVE, BELOW</p><p><b>chain</b>: identifier, address, organization, type</p></div>"},"url":"http://hl7.org/fhir/uv/vhdir/SearchParameter/practitionerrole-location","version":"0.1.0","name":"VhDir_sp_practitionerrole_location","status":"draft","date":"2018-05-22T20:00:00-04:00","publisher":"HL7 Patient Administration Committee","contact":[{"telecom":[{"system":"url","value":"http://www.hl7.org/Special/committees/pafm/index.cfm"}]}],"code":"location","base":["PractitionerRole"],"type":"reference","derivedFrom":"http://hl7.org/fhir/SearchParameter/PractitionerRole-location","description":"Select PractitionerRoles available at the specified location","expression":"PractitionerRole.location","target":["Location"],"modifier":["above","below"],"chain":["identifier","address","organization","type"]}