{
  "resourceType": "SearchParameter",
  "id": "insuranceplan-status",
  "text": {
    "status": "generated",
    "div": "<div xmlns=\"http://www.w3.org/1999/xhtml\"><p><b>Generated Narrative with Details</b></p><p><b>url</b>: <b>http://hl7.org/fhir/uv/vhdir/SearchParameter/insuranceplan-status</b></p><p><b>name</b>: VhDir_sp_insuranceplan_status</p><p><b>derivedFrom</b>: <a href=\"http://hl7.org/fhir/SearchParameter/InsurancePlan-status\">http://hl7.org/fhir/SearchParameter/InsurancePlan-status</a></p><p><b>status</b>: DRAFT</p><p><b>date</b>: May 23, 2018, 12:00:00 AM</p><p><b>publisher</b>: HL7 Patient Administration Committee</p><p><b>contact</b>: </p><p><b>description</b>: Select health insurance products/plans with the specified status</p><p><b>code</b>: status</p><p><b>base</b>: InsurancePlan</p><p><b>type</b>: TOKEN</p><p><b>expression</b>: InsurancePlan.status</p><p><b>multipleOr</b>: true</p><p><b>multipleAnd</b>: true</p></div>"
  },
  "url": "http://hl7.org/fhir/uv/vhdir/SearchParameter/insuranceplan-status",
  "version": "0.2.0",
  "name": "VhDir_sp_insuranceplan_status",
  "derivedFrom": "http://hl7.org/fhir/SearchParameter/InsurancePlan-status",
  "status": "draft",
  "date": "2018-05-23T00:00:00+00:00",
  "publisher": "HL7 Patient Administration Committee",
  "contact": [
    {
      "telecom": [
        {
          "system": "url",
          "value": "http://www.hl7.org/Special/committees/pafm/index.cfm"
        }
      ]
    }
  ],
  "description": "Select health insurance products/plans with the specified status",
  "code": "status",
  "base": [
    "InsurancePlan"
  ],
  "type": "token",
  "expression": "InsurancePlan.status",
  "multipleOr": true,
  "multipleAnd": true
}