{
  "resourceType": "SearchParameter",
  "id": "practitionerrole-organization",
  "text": {
    "status": "generated",
    "div": "<div xmlns=\"http://www.w3.org/1999/xhtml\"><p><b>Generated Narrative with Details</b></p><p><b>url</b>: <b>http://hl7.org/fhir/uv/vhdir/SearchParameter/practitionerrole-organization</b></p><p><b>name</b>: VhDir_sp_practitionerrole_organization</p><p><b>derivedFrom</b>: <a href=\"http://hl7.org/fhir/SearchParameter/PractitionerRole-organization\">http://hl7.org/fhir/SearchParameter/PractitionerRole-organization</a></p><p><b>status</b>: DRAFT</p><p><b>date</b>: May 23, 2018, 12:00:00 AM</p><p><b>publisher</b>: HL7 Patient Administration Committee</p><p><b>contact</b>: </p><p><b>description</b>: Select PractitionerRoles available at the specified organization</p><p><b>code</b>: organization</p><p><b>base</b>: PractitionerRole</p><p><b>type</b>: REFERENCE</p><p><b>expression</b>: PractitionerRole.organization</p><p><b>target</b>: Organization</p><p><b>multipleOr</b>: true</p><p><b>multipleAnd</b>: true</p><p><b>modifier</b>: ABOVE, BELOW</p><p><b>chain</b>: identifier, name, address, partof, type</p></div>"
  },
  "url": "http://hl7.org/fhir/uv/vhdir/SearchParameter/practitionerrole-organization",
  "version": "0.2.0",
  "name": "VhDir_sp_practitionerrole_organization",
  "derivedFrom": "http://hl7.org/fhir/SearchParameter/PractitionerRole-organization",
  "status": "draft",
  "date": "2018-05-23T00:00:00+00:00",
  "publisher": "HL7 Patient Administration Committee",
  "contact": [
    {
      "telecom": [
        {
          "system": "url",
          "value": "http://www.hl7.org/Special/committees/pafm/index.cfm"
        }
      ]
    }
  ],
  "description": "Select PractitionerRoles available at the specified organization",
  "code": "organization",
  "base": [
    "PractitionerRole"
  ],
  "type": "reference",
  "expression": "PractitionerRole.organization",
  "target": [
    "Organization"
  ],
  "multipleOr": true,
  "multipleAnd": true,
  "modifier": [
    "above",
    "below"
  ],
  "chain": [
    "identifier",
    "name",
    "address",
    "partof",
    "type"
  ]
}