{"resourceType":"ImplementationGuide","id":"hl7.fhir.us.davinci-pdex-plan-net-0.1.0","text":{"status":"generated","div":"<div xmlns=\"http://www.w3.org/1999/xhtml\"><h2>DaVinci_PDEX_Plan_Net</h2><p>The official URL for this implementation guide is: </p><pre>http://hl7.org/fhir/us/davinci-pdex-plan-net/ImplementationGuide/hl7.fhir.us.davinci-pdex-plan-net-0.1.0</pre></div>"},"url":"http://hl7.org/fhir/us/davinci-pdex-plan-net/ImplementationGuide/hl7.fhir.us.davinci-pdex-plan-net-0.1.0","version":"0.1.0","name":"DaVinci_PDEX_Plan_Net","title":"DaVinci PDEX Plan Net","status":"draft","publisher":"HL7 Pharmacy WG","contact":[{"telecom":[{"system":"url","value":"http://www.hl7.org/Special/committees/medication/"}]}],"packageId":"hl7.fhir.us.davinci-pdex-plan-net","license":"CC0-1.0","fhirVersion":["4.0.0"],"definition":{"grouping":[{"name":"Profiles in this Implementation Guide","description":"Profiles in this Implementation Guide"}],"resource":[{"extension":[{"url":"http://hl7.org/fhir/StructureDefinition/implementationguide-page","valueUri":"StructureDefinition-plannet-PlanNet-Endpoint.html"}],"reference":{"reference":"StructureDefinition/plannet-PlanNet-Endpoint"},"name":"plannet-PlanNet-Endpoint","exampleBoolean":false},{"extension":[{"url":"http://hl7.org/fhir/StructureDefinition/implementationguide-page","valueUri":"StructureDefinition-plannet-PlanNet-HealthcareService.html"}],"reference":{"reference":"StructureDefinition/plannet-PlanNet-HealthcareService"},"name":"plannet-PlanNet-HealthcareService","exampleBoolean":false},{"extension":[{"url":"http://hl7.org/fhir/StructureDefinition/implementationguide-page","valueUri":"StructureDefinition-plannet-PlanNet-InsurancePlan.html"}],"reference":{"reference":"StructureDefinition/plannet-PlanNet-InsurancePlan"},"name":"plannet-PlanNet-InsurancePlan","exampleBoolean":false},{"extension":[{"url":"http://hl7.org/fhir/StructureDefinition/implementationguide-page","valueUri":"StructureDefinition-plannet-PlanNet-Location.html"}],"reference":{"reference":"StructureDefinition/plannet-PlanNet-Location"},"name":"plannet-PlanNet-Location","exampleBoolean":false},{"extension":[{"url":"http://hl7.org/fhir/StructureDefinition/implementationguide-page","valueUri":"StructureDefinition-plannet-PlanNet-Network.html"}],"reference":{"reference":"StructureDefinition/plannet-PlanNet-Network"},"name":"plannet-PlanNet-Network","exampleBoolean":false},{"extension":[{"url":"http://hl7.org/fhir/StructureDefinition/implementationguide-page","valueUri":"StructureDefinition-plannet-PlanNet-Organization.html"}],"reference":{"reference":"StructureDefinition/plannet-PlanNet-Organization"},"name":"plannet-PlanNet-Organization","exampleBoolean":false},{"extension":[{"url":"http://hl7.org/fhir/StructureDefinition/implementationguide-page","valueUri":"StructureDefinition-plannet-PlanNet-OrganizationAffiliation.html"}],"reference":{"reference":"StructureDefinition/plannet-PlanNet-OrganizationAffiliation"},"name":"plannet-PlanNet-OrganizationAffiliation","exampleBoolean":false},{"extension":[{"url":"http://hl7.org/fhir/StructureDefinition/implementationguide-page","valueUri":"StructureDefinition-plannet-PlanNet-Practitioner.html"}],"reference":{"reference":"StructureDefinition/plannet-PlanNet-Practitioner"},"name":"plannet-PlanNet-Practitioner","exampleBoolean":false},{"extension":[{"url":"http://hl7.org/fhir/StructureDefinition/implementationguide-page","valueUri":"StructureDefinition-plannet-PlanNet-PractitionerRole.html"}],"reference":{"reference":"StructureDefinition/plannet-PlanNet-PractitionerRole"},"name":"plannet-PlanNet-PractitionerRole","exampleBoolean":false},{"extension":[{"url":"http://hl7.org/fhir/StructureDefinition/implementationguide-page","valueUri":"StructureDefinition-plannet-Network-extension.html"}],"reference":{"reference":"StructureDefinition/plannet-Network-extension"},"name":"plannet-Network","exampleBoolean":false},{"extension":[{"url":"http://hl7.org/fhir/StructureDefinition/implementationguide-page","valueUri":"StructureDefinition-plannet-ViaIntermediary-extension.html"}],"reference":{"reference":"StructureDefinition/plannet-ViaIntermediary-extension"},"name":"plannet-ViaIntermediary","exampleBoolean":false},{"extension":[{"url":"http://hl7.org/fhir/StructureDefinition/implementationguide-page","valueUri":"SearchParameter-careteam-category.html"}],"reference":{"reference":"SearchParameter/careteam-category"},"name":"VhDir_sp_careteam_category","exampleBoolean":true},{"extension":[{"url":"http://hl7.org/fhir/StructureDefinition/implementationguide-page","valueUri":"SearchParameter-careteam-endpoint.html"}],"reference":{"reference":"SearchParameter/careteam-endpoint"},"name":"VhDir_sp_careteam_endpoint","exampleBoolean":true},{"extension":[{"url":"http://hl7.org/fhir/StructureDefinition/implementationguide-page","valueUri":"SearchParameter-careteam-identifier-assigner.html"}],"reference":{"reference":"SearchParameter/careteam-identifier-assigner"},"name":"VhDir_sp_careteam_identifier_assigner","exampleBoolean":true},{"extension":[{"url":"http://hl7.org/fhir/StructureDefinition/implementationguide-page","valueUri":"SearchParameter-careteam-identifier.html"}],"reference":{"reference":"SearchParameter/careteam-identifier"},"name":"VhDir_sp_careteam_identifier","exampleBoolean":true},{"extension":[{"url":"http://hl7.org/fhir/StructureDefinition/implementationguide-page","valueUri":"SearchParameter-careteam-location.html"}],"reference":{"reference":"SearchParameter/careteam-location"},"name":"VhDir_sp_careteam_location","exampleBoolean":true},{"extension":[{"url":"http://hl7.org/fhir/StructureDefinition/implementationguide-page","valueUri":"SearchParameter-careteam-name.html"}],"reference":{"reference":"SearchParameter/careteam-name"},"name":"VhDir_sp_careteam_name","exampleBoolean":true},{"extension":[{"url":"http://hl7.org/fhir/StructureDefinition/implementationguide-page","valueUri":"SearchParameter-careteam-organization.html"}],"reference":{"reference":"SearchParameter/careteam-organization"},"name":"VhDir_sp_careteam_organization","exampleBoolean":true},{"extension":[{"url":"http://hl7.org/fhir/StructureDefinition/implementationguide-page","valueUri":"SearchParameter-careteam-participant.html"}],"reference":{"reference":"SearchParameter/careteam-participant"},"name":"VhDir_sp_careteam_member","exampleBoolean":true},{"extension":[{"url":"http://hl7.org/fhir/StructureDefinition/implementationguide-page","valueUri":"SearchParameter-careteam-service.html"}],"reference":{"reference":"SearchParameter/careteam-service"},"name":"VhDir_sp_careteam_service","exampleBoolean":true},{"extension":[{"url":"http://hl7.org/fhir/StructureDefinition/implementationguide-page","valueUri":"SearchParameter-careteam-status.html"}],"reference":{"reference":"SearchParameter/careteam-status"},"name":"VhDir_sp_careteam_status","exampleBoolean":true},{"extension":[{"url":"http://hl7.org/fhir/StructureDefinition/implementationguide-page","valueUri":"SearchParameter-careteam-via-intermediary.html"}],"reference":{"reference":"SearchParameter/careteam-via-intermediary"},"name":"VhDir_sp_careteam_via_intermediary","exampleBoolean":true},{"extension":[{"url":"http://hl7.org/fhir/StructureDefinition/implementationguide-page","valueUri":"SearchParameter-endpoint-connection-type.html"}],"reference":{"reference":"SearchParameter/endpoint-connection-type"},"name":"VhDir_sp_endpoint_connection_type","exampleBoolean":true},{"extension":[{"url":"http://hl7.org/fhir/StructureDefinition/implementationguide-page","valueUri":"SearchParameter-endpoint-identifier-assigner.html"}],"reference":{"reference":"SearchParameter/endpoint-identifier-assigner"},"name":"VhDir_sp_endpoint_identifier_assigner","exampleBoolean":true},{"extension":[{"url":"http://hl7.org/fhir/StructureDefinition/implementationguide-page","valueUri":"SearchParameter-endpoint-identifier.html"}],"reference":{"reference":"SearchParameter/endpoint-identifier"},"name":"VhDir_sp_endpoint_identifier","exampleBoolean":true},{"extension":[{"url":"http://hl7.org/fhir/StructureDefinition/implementationguide-page","valueUri":"SearchParameter-endpoint-mime-type.html"}],"reference":{"reference":"SearchParameter/endpoint-mime-type"},"name":"VhDir_sp_endpoint_mime_type","exampleBoolean":true},{"extension":[{"url":"http://hl7.org/fhir/StructureDefinition/implementationguide-page","valueUri":"SearchParameter-endpoint-organization.html"}],"reference":{"reference":"SearchParameter/endpoint-organization"},"name":"VhDir_sp_endpoint_organization","exampleBoolean":true},{"extension":[{"url":"http://hl7.org/fhir/StructureDefinition/implementationguide-page","valueUri":"SearchParameter-endpoint-payload-type.html"}],"reference":{"reference":"SearchParameter/endpoint-payload-type"},"name":"VhDir_sp_endpoint_payload_type","exampleBoolean":true},{"extension":[{"url":"http://hl7.org/fhir/StructureDefinition/implementationguide-page","valueUri":"SearchParameter-endpoint-status.html"}],"reference":{"reference":"SearchParameter/endpoint-status"},"name":"VhDir_sp_endpoint_status","exampleBoolean":true},{"extension":[{"url":"http://hl7.org/fhir/StructureDefinition/implementationguide-page","valueUri":"SearchParameter-endpoint-usecase-standard.html"}],"reference":{"reference":"SearchParameter/endpoint-usecase-standard"},"name":"VhDir_sp_endpoint_usecase_standard","exampleBoolean":true},{"extension":[{"url":"http://hl7.org/fhir/StructureDefinition/implementationguide-page","valueUri":"SearchParameter-endpoint-usecase-type.html"}],"reference":{"reference":"SearchParameter/endpoint-usecase-type"},"name":"VhDir_sp_endpoint_usecase_type","exampleBoolean":true},{"extension":[{"url":"http://hl7.org/fhir/StructureDefinition/implementationguide-page","valueUri":"SearchParameter-endpoint-via-intermediary.html"}],"reference":{"reference":"SearchParameter/endpoint-via-intermediary"},"name":"VhDir_sp_endpoint_via_intermediary","exampleBoolean":true},{"extension":[{"url":"http://hl7.org/fhir/StructureDefinition/implementationguide-page","valueUri":"SearchParameter-healthcareservice-characteristic.html"}],"reference":{"reference":"SearchParameter/healthcareservice-characteristic"},"name":"VhDir_sp_healthcareservice_characteristic","exampleBoolean":true},{"extension":[{"url":"http://hl7.org/fhir/StructureDefinition/implementationguide-page","valueUri":"SearchParameter-healthcareservice-coverage-area.html"}],"reference":{"reference":"SearchParameter/healthcareservice-coverage-area"},"name":"VhDir_sp_healthcareservice_coverage_area","exampleBoolean":true},{"extension":[{"url":"http://hl7.org/fhir/StructureDefinition/implementationguide-page","valueUri":"SearchParameter-healthcareservice-eligibility.html"}],"reference":{"reference":"SearchParameter/healthcareservice-eligibility"},"name":"VhDir_sp_healthcareservice_eligibility","exampleBoolean":true},{"extension":[{"url":"http://hl7.org/fhir/StructureDefinition/implementationguide-page","valueUri":"SearchParameter-healthcareservice-endpoint.html"}],"reference":{"reference":"SearchParameter/healthcareservice-endpoint"},"name":"VhDir_sp_healthcareservice_endpoint","exampleBoolean":true},{"extension":[{"url":"http://hl7.org/fhir/StructureDefinition/implementationguide-page","valueUri":"SearchParameter-healthcareservice-identifier-assigner.html"}],"reference":{"reference":"SearchParameter/healthcareservice-identifier-assigner"},"name":"VhDir_sp_healthcareservice_identifier_assigner","exampleBoolean":true},{"extension":[{"url":"http://hl7.org/fhir/StructureDefinition/implementationguide-page","valueUri":"SearchParameter-healthcareservice-identifier.html"}],"reference":{"reference":"SearchParameter/healthcareservice-identifier"},"name":"VhDir_sp_healthcareservice_identifier","exampleBoolean":true},{"extension":[{"url":"http://hl7.org/fhir/StructureDefinition/implementationguide-page","valueUri":"SearchParameter-healthcareservice-location.html"}],"reference":{"reference":"SearchParameter/healthcareservice-location"},"name":"VhDir_sp_healthcareservice_location","exampleBoolean":true},{"extension":[{"url":"http://hl7.org/fhir/StructureDefinition/implementationguide-page","valueUri":"SearchParameter-healthcareservice-name.html"}],"reference":{"reference":"SearchParameter/healthcareservice-name"},"name":"VhDir_sp_healthcareservice_name","exampleBoolean":true},{"extension":[{"url":"http://hl7.org/fhir/StructureDefinition/implementationguide-page","valueUri":"SearchParameter-healthcareservice-new-patient-network.html"}],"reference":{"reference":"SearchParameter/healthcareservice-new-patient-network"},"name":"VhDir_sp_healthcareservice_new_patient_network","exampleBoolean":true},{"extension":[{"url":"http://hl7.org/fhir/StructureDefinition/implementationguide-page","valueUri":"SearchParameter-healthcareservice-new-patient.html"}],"reference":{"reference":"SearchParameter/healthcareservice-new-patient"},"name":"VhDir_sp_healthcareservice_new_patient","exampleBoolean":true},{"extension":[{"url":"http://hl7.org/fhir/StructureDefinition/implementationguide-page","valueUri":"SearchParameter-healthcareservice-organization.html"}],"reference":{"reference":"SearchParameter/healthcareservice-organization"},"name":"VhDir_sp_healthcareservice_organization","exampleBoolean":true},{"extension":[{"url":"http://hl7.org/fhir/StructureDefinition/implementationguide-page","valueUri":"SearchParameter-healthcareservice-service-category.html"}],"reference":{"reference":"SearchParameter/healthcareservice-service-category"},"name":"VhDir_sp_healthcareservice_category","exampleBoolean":true},{"extension":[{"url":"http://hl7.org/fhir/StructureDefinition/implementationguide-page","valueUri":"SearchParameter-healthcareservice-service-type.html"}],"reference":{"reference":"SearchParameter/healthcareservice-service-type"},"name":"VhDir_sp_healthcareservice_type","exampleBoolean":true},{"extension":[{"url":"http://hl7.org/fhir/StructureDefinition/implementationguide-page","valueUri":"SearchParameter-healthcareservice-specialty.html"}],"reference":{"reference":"SearchParameter/healthcareservice-specialty"},"name":"VhDir_sp_healthcareservice_specialty","exampleBoolean":true},{"extension":[{"url":"http://hl7.org/fhir/StructureDefinition/implementationguide-page","valueUri":"SearchParameter-healthcareservice-via-intermediary.html"}],"reference":{"reference":"SearchParameter/healthcareservice-via-intermediary"},"name":"VhDir_sp_healthcareservice_via_intermediary","exampleBoolean":true},{"extension":[{"url":"http://hl7.org/fhir/StructureDefinition/implementationguide-page","valueUri":"SearchParameter-insuranceplan-administered-by.html"}],"reference":{"reference":"SearchParameter/insuranceplan-administered-by"},"name":"VhDir_sp_insuranceplan_administered_by","exampleBoolean":true},{"extension":[{"url":"http://hl7.org/fhir/StructureDefinition/implementationguide-page","valueUri":"SearchParameter-insuranceplan-coverage-area.html"}],"reference":{"reference":"SearchParameter/insuranceplan-coverage-area"},"name":"VhDir_sp_insuranceplan_coverage_area","exampleBoolean":true},{"extension":[{"url":"http://hl7.org/fhir/StructureDefinition/implementationguide-page","valueUri":"SearchParameter-insuranceplan-coverage-benefit-type.html"}],"reference":{"reference":"SearchParameter/insuranceplan-coverage-benefit-type"},"name":"VhDir_sp_insuranceplan_coverage_benefit_type","exampleBoolean":true},{"extension":[{"url":"http://hl7.org/fhir/StructureDefinition/implementationguide-page","valueUri":"SearchParameter-insuranceplan-coverage-limit-value.html"}],"reference":{"reference":"SearchParameter/insuranceplan-coverage-limit-value"},"name":"VhDir_sp_insuranceplan_coverage_limit_value","exampleBoolean":true},{"extension":[{"url":"http://hl7.org/fhir/StructureDefinition/implementationguide-page","valueUri":"SearchParameter-insuranceplan-coverage-network.html"}],"reference":{"reference":"SearchParameter/insuranceplan-coverage-network"},"name":"VhDir_sp_insuranceplan_coverage_network","exampleBoolean":true},{"extension":[{"url":"http://hl7.org/fhir/StructureDefinition/implementationguide-page","valueUri":"SearchParameter-insuranceplan-coverage-type.html"}],"reference":{"reference":"SearchParameter/insuranceplan-coverage-type"},"name":"VhDir_sp_insuranceplan_coverage_type","exampleBoolean":true},{"extension":[{"url":"http://hl7.org/fhir/StructureDefinition/implementationguide-page","valueUri":"SearchParameter-insuranceplan-endpoint.html"}],"reference":{"reference":"SearchParameter/insuranceplan-endpoint"},"name":"VhDir_sp_insuranceplan_endpoint","exampleBoolean":true},{"extension":[{"url":"http://hl7.org/fhir/StructureDefinition/implementationguide-page","valueUri":"SearchParameter-insuranceplan-general-cost-groupsize.html"}],"reference":{"reference":"SearchParameter/insuranceplan-general-cost-groupsize"},"name":"VhDir_sp_insuranceplan_general_cost_groupsize","exampleBoolean":true},{"extension":[{"url":"http://hl7.org/fhir/StructureDefinition/implementationguide-page","valueUri":"SearchParameter-insuranceplan-general-cost-type.html"}],"reference":{"reference":"SearchParameter/insuranceplan-general-cost-type"},"name":"VhDir_sp_insuranceplan_general_cost_type","exampleBoolean":true},{"extension":[{"url":"http://hl7.org/fhir/StructureDefinition/implementationguide-page","valueUri":"SearchParameter-insuranceplan-general-cost-value.html"}],"reference":{"reference":"SearchParameter/insuranceplan-general-cost-value"},"name":"VhDir_sp_insuranceplan_general_cost_value","exampleBoolean":true},{"extension":[{"url":"http://hl7.org/fhir/StructureDefinition/implementationguide-page","valueUri":"SearchParameter-insuranceplan-identifier.html"}],"reference":{"reference":"SearchParameter/insuranceplan-identifier"},"name":"VhDir_sp_insuranceplan_identifier","exampleBoolean":true},{"extension":[{"url":"http://hl7.org/fhir/StructureDefinition/implementationguide-page","valueUri":"SearchParameter-insuranceplan-name.html"}],"reference":{"reference":"SearchParameter/insuranceplan-name"},"name":"VhDir_sp_insuranceplan_name","exampleBoolean":true},{"extension":[{"url":"http://hl7.org/fhir/StructureDefinition/implementationguide-page","valueUri":"SearchParameter-insuranceplan-network.html"}],"reference":{"reference":"SearchParameter/insuranceplan-network"},"name":"VhDir_sp_insuranceplan_network","exampleBoolean":true},{"extension":[{"url":"http://hl7.org/fhir/StructureDefinition/implementationguide-page","valueUri":"SearchParameter-insuranceplan-owned-by.html"}],"reference":{"reference":"SearchParameter/insuranceplan-owned-by"},"name":"VhDir_sp_insuranceplan_owned_by","exampleBoolean":true},{"extension":[{"url":"http://hl7.org/fhir/StructureDefinition/implementationguide-page","valueUri":"SearchParameter-insuranceplan-plan-coverage-area.html"}],"reference":{"reference":"SearchParameter/insuranceplan-plan-coverage-area"},"name":"VhDir_sp_insuranceplan_plan_coverage_area","exampleBoolean":true},{"extension":[{"url":"http://hl7.org/fhir/StructureDefinition/implementationguide-page","valueUri":"SearchParameter-insuranceplan-plan-identifier.html"}],"reference":{"reference":"SearchParameter/insuranceplan-plan-identifier"},"name":"VhDir_sp_insuranceplan_plan_identifier","exampleBoolean":true},{"extension":[{"url":"http://hl7.org/fhir/StructureDefinition/implementationguide-page","valueUri":"SearchParameter-insuranceplan-plan-network.html"}],"reference":{"reference":"SearchParameter/insuranceplan-plan-network"},"name":"VhDir_sp_insuranceplan_plan_network","exampleBoolean":true},{"extension":[{"url":"http://hl7.org/fhir/StructureDefinition/implementationguide-page","valueUri":"SearchParameter-insuranceplan-plan-type.html"}],"reference":{"reference":"SearchParameter/insuranceplan-plan-type"},"name":"VhDir_sp_insuranceplan_plan_type","exampleBoolean":true},{"extension":[{"url":"http://hl7.org/fhir/StructureDefinition/implementationguide-page","valueUri":"SearchParameter-insuranceplan-specific-cost-benefit-type.html"}],"reference":{"reference":"SearchParameter/insuranceplan-specific-cost-benefit-type"},"name":"VhDir_sp_insuranceplan_specific_cost_benefit_type","exampleBoolean":true},{"extension":[{"url":"http://hl7.org/fhir/StructureDefinition/implementationguide-page","valueUri":"SearchParameter-insuranceplan-specific-cost-category.html"}],"reference":{"reference":"SearchParameter/insuranceplan-specific-cost-category"},"name":"VhDir_sp_insuranceplan_specific_cost_category","exampleBoolean":true},{"extension":[{"url":"http://hl7.org/fhir/StructureDefinition/implementationguide-page","valueUri":"SearchParameter-insuranceplan-specific-cost-cost-type.html"}],"reference":{"reference":"SearchParameter/insuranceplan-specific-cost-cost-type"},"name":"VhDir_sp_insuranceplan_specific_cost_cost_type","exampleBoolean":true},{"extension":[{"url":"http://hl7.org/fhir/StructureDefinition/implementationguide-page","valueUri":"SearchParameter-insuranceplan-specific-cost-value.html"}],"reference":{"reference":"SearchParameter/insuranceplan-specific-cost-value"},"name":"VhDir_sp_insuranceplan_specific_cost_value","exampleBoolean":true},{"extension":[{"url":"http://hl7.org/fhir/StructureDefinition/implementationguide-page","valueUri":"SearchParameter-insuranceplan-status.html"}],"reference":{"reference":"SearchParameter/insuranceplan-status"},"name":"VhDir_sp_insuranceplan_status","exampleBoolean":true},{"extension":[{"url":"http://hl7.org/fhir/StructureDefinition/implementationguide-page","valueUri":"SearchParameter-insuranceplan-type.html"}],"reference":{"reference":"SearchParameter/insuranceplan-type"},"name":"VhDir_sp_insuranceplan_type","exampleBoolean":true},{"extension":[{"url":"http://hl7.org/fhir/StructureDefinition/implementationguide-page","valueUri":"SearchParameter-location-accessibility.html"}],"reference":{"reference":"SearchParameter/location-accessibility"},"name":"VhDir_sp_location_accessibility","exampleBoolean":true},{"extension":[{"url":"http://hl7.org/fhir/StructureDefinition/implementationguide-page","valueUri":"SearchParameter-location-address.html"}],"reference":{"reference":"SearchParameter/location-address"},"name":"VhDir_sp_location_address","exampleBoolean":true},{"extension":[{"url":"http://hl7.org/fhir/StructureDefinition/implementationguide-page","valueUri":"SearchParameter-location-contains.html"}],"reference":{"reference":"SearchParameter/location-contains"},"name":"VhDir_sp_location_contains","exampleBoolean":true},{"extension":[{"url":"http://hl7.org/fhir/StructureDefinition/implementationguide-page","valueUri":"SearchParameter-location-endpoint.html"}],"reference":{"reference":"SearchParameter/location-endpoint"},"name":"VhDir_sp_location_endpoint","exampleBoolean":true},{"extension":[{"url":"http://hl7.org/fhir/StructureDefinition/implementationguide-page","valueUri":"SearchParameter-location-identifier-assigner.html"}],"reference":{"reference":"SearchParameter/location-identifier-assigner"},"name":"VhDir_sp_location_identifier_assigner","exampleBoolean":true},{"extension":[{"url":"http://hl7.org/fhir/StructureDefinition/implementationguide-page","valueUri":"SearchParameter-location-identifier.html"}],"reference":{"reference":"SearchParameter/location-identifier"},"name":"VhDir_sp_location_identifier","exampleBoolean":true},{"extension":[{"url":"http://hl7.org/fhir/StructureDefinition/implementationguide-page","valueUri":"SearchParameter-location-new-patient-network.html"}],"reference":{"reference":"SearchParameter/location-new-patient-network"},"name":"VhDir_sp_location_new_patient_network","exampleBoolean":true},{"extension":[{"url":"http://hl7.org/fhir/StructureDefinition/implementationguide-page","valueUri":"SearchParameter-location-new-patient.html"}],"reference":{"reference":"SearchParameter/location-new-patient"},"name":"VhDir_sp_location_new_patient","exampleBoolean":true},{"extension":[{"url":"http://hl7.org/fhir/StructureDefinition/implementationguide-page","valueUri":"SearchParameter-location-organization.html"}],"reference":{"reference":"SearchParameter/location-organization"},"name":"VhDir_sp_location_organization","exampleBoolean":true},{"extension":[{"url":"http://hl7.org/fhir/StructureDefinition/implementationguide-page","valueUri":"SearchParameter-location-partof.html"}],"reference":{"reference":"SearchParameter/location-partof"},"name":"VhDir_sp_location_partof","exampleBoolean":true},{"extension":[{"url":"http://hl7.org/fhir/StructureDefinition/implementationguide-page","valueUri":"SearchParameter-location-status.html"}],"reference":{"reference":"SearchParameter/location-status"},"name":"VhDir_sp_location_status","exampleBoolean":true},{"extension":[{"url":"http://hl7.org/fhir/StructureDefinition/implementationguide-page","valueUri":"SearchParameter-location-type.html"}],"reference":{"reference":"SearchParameter/location-type"},"name":"VhDir_sp_location_type","exampleBoolean":true},{"extension":[{"url":"http://hl7.org/fhir/StructureDefinition/implementationguide-page","valueUri":"SearchParameter-location-via-intermediary.html"}],"reference":{"reference":"SearchParameter/location-via-intermediary"},"name":"VhDir_sp_location_via_intermediary","exampleBoolean":true},{"extension":[{"url":"http://hl7.org/fhir/StructureDefinition/implementationguide-page","valueUri":"SearchParameter-organization-address-city.html"}],"reference":{"reference":"SearchParameter/organization-address-city"},"name":"VhDir_sp_organization_address_city","exampleBoolean":true},{"extension":[{"url":"http://hl7.org/fhir/StructureDefinition/implementationguide-page","valueUri":"SearchParameter-organization-address-country.html"}],"reference":{"reference":"SearchParameter/organization-address-country"},"name":"VhDir_sp_organization_address_country","exampleBoolean":true},{"extension":[{"url":"http://hl7.org/fhir/StructureDefinition/implementationguide-page","valueUri":"SearchParameter-organization-address-postalcode.html"}],"reference":{"reference":"SearchParameter/organization-address-postalcode"},"name":"VhDir_sp_organization_address_postalcode","exampleBoolean":true},{"extension":[{"url":"http://hl7.org/fhir/StructureDefinition/implementationguide-page","valueUri":"SearchParameter-organization-address-state.html"}],"reference":{"reference":"SearchParameter/organization-address-state"},"name":"VhDir_sp_organization_address_state","exampleBoolean":true},{"extension":[{"url":"http://hl7.org/fhir/StructureDefinition/implementationguide-page","valueUri":"SearchParameter-organization-address.html"}],"reference":{"reference":"SearchParameter/organization-address"},"name":"VhDir_sp_organization_address","exampleBoolean":true},{"extension":[{"url":"http://hl7.org/fhir/StructureDefinition/implementationguide-page","valueUri":"SearchParameter-organization-coverage-area.html"}],"reference":{"reference":"SearchParameter/organization-coverage-area"},"name":"VhDir_sp_network_coverage_area","exampleBoolean":true},{"extension":[{"url":"http://hl7.org/fhir/StructureDefinition/implementationguide-page","valueUri":"SearchParameter-organization-endpoint.html"}],"reference":{"reference":"SearchParameter/organization-endpoint"},"name":"VhDir_sp_organization_endpoint","exampleBoolean":true},{"extension":[{"url":"http://hl7.org/fhir/StructureDefinition/implementationguide-page","valueUri":"SearchParameter-organization-identifier-assigner.html"}],"reference":{"reference":"SearchParameter/organization-identifier-assigner"},"name":"VhDir_sp_organization_identifier_assigner","exampleBoolean":true},{"extension":[{"url":"http://hl7.org/fhir/StructureDefinition/implementationguide-page","valueUri":"SearchParameter-organization-identifier.html"}],"reference":{"reference":"SearchParameter/organization-identifier"},"name":"VhDir_sp_organization_identifier","exampleBoolean":true},{"extension":[{"url":"http://hl7.org/fhir/StructureDefinition/implementationguide-page","valueUri":"SearchParameter-organization-name.html"}],"reference":{"reference":"SearchParameter/organization-name"},"name":"VhDir_sp_organization_name","exampleBoolean":true},{"extension":[{"url":"http://hl7.org/fhir/StructureDefinition/implementationguide-page","valueUri":"SearchParameter-organization-partof.html"}],"reference":{"reference":"SearchParameter/organization-partof"},"name":"VhDir_sp_organization_partof","exampleBoolean":true},{"extension":[{"url":"http://hl7.org/fhir/StructureDefinition/implementationguide-page","valueUri":"SearchParameter-organization-qualification-code.html"}],"reference":{"reference":"SearchParameter/organization-qualification-code"},"name":"VhDir_sp_organization_qualification_code","exampleBoolean":true},{"extension":[{"url":"http://hl7.org/fhir/StructureDefinition/implementationguide-page","valueUri":"SearchParameter-organization-qualification-issuer.html"}],"reference":{"reference":"SearchParameter/organization-qualification-issuer"},"name":"VhDir_sp_organization_qualification_issuer","exampleBoolean":true},{"extension":[{"url":"http://hl7.org/fhir/StructureDefinition/implementationguide-page","valueUri":"SearchParameter-organization-qualification-status.html"}],"reference":{"reference":"SearchParameter/organization-qualification-status"},"name":"VhDir_sp_organization_qualification_status","exampleBoolean":true},{"extension":[{"url":"http://hl7.org/fhir/StructureDefinition/implementationguide-page","valueUri":"SearchParameter-organization-qualification-wherevalid-code.html"}],"reference":{"reference":"SearchParameter/organization-qualification-wherevalid-code"},"name":"VhDir_sp_organization_qualification_wherevalid_code","exampleBoolean":true},{"extension":[{"url":"http://hl7.org/fhir/StructureDefinition/implementationguide-page","valueUri":"SearchParameter-organization-qualification-wherevalid-location.html"}],"reference":{"reference":"SearchParameter/organization-qualification-wherevalid-location"},"name":"VhDir_sp_organization_qualification_wherevalid_location","exampleBoolean":true},{"extension":[{"url":"http://hl7.org/fhir/StructureDefinition/implementationguide-page","valueUri":"SearchParameter-organization-type.html"}],"reference":{"reference":"SearchParameter/organization-type"},"name":"VhDir_sp_organization_type","exampleBoolean":true},{"extension":[{"url":"http://hl7.org/fhir/StructureDefinition/implementationguide-page","valueUri":"SearchParameter-organization-via-intermediary.html"}],"reference":{"reference":"SearchParameter/organization-via-intermediary"},"name":"VhDir_sp_organization_via_intermediary","exampleBoolean":true},{"extension":[{"url":"http://hl7.org/fhir/StructureDefinition/implementationguide-page","valueUri":"SearchParameter-organizationaffiliation-endpoint.html"}],"reference":{"reference":"SearchParameter/organizationaffiliation-endpoint"},"name":"VhDir_sp_organizationaffiliation_endpoint","exampleBoolean":true},{"extension":[{"url":"http://hl7.org/fhir/StructureDefinition/implementationguide-page","valueUri":"SearchParameter-organizationaffiliation-identifier-assigner.html"}],"reference":{"reference":"SearchParameter/organizationaffiliation-identifier-assigner"},"name":"VhDir_sp_organizationaffiliation_identifier_assigner","exampleBoolean":true},{"extension":[{"url":"http://hl7.org/fhir/StructureDefinition/implementationguide-page","valueUri":"SearchParameter-organizationaffiliation-identifier.html"}],"reference":{"reference":"SearchParameter/organizationaffiliation-identifier"},"name":"VhDir_sp_organizationaffiliation_identifier","exampleBoolean":true},{"extension":[{"url":"http://hl7.org/fhir/StructureDefinition/implementationguide-page","valueUri":"SearchParameter-organizationaffiliation-location.html"}],"reference":{"reference":"SearchParameter/organizationaffiliation-location"},"name":"VhDir_sp_organizationaffiliation_location","exampleBoolean":true},{"extension":[{"url":"http://hl7.org/fhir/StructureDefinition/implementationguide-page","valueUri":"SearchParameter-organizationaffiliation-network.html"}],"reference":{"reference":"SearchParameter/organizationaffiliation-network"},"name":"VhDir_sp_organizationaffiliation_network","exampleBoolean":true},{"extension":[{"url":"http://hl7.org/fhir/StructureDefinition/implementationguide-page","valueUri":"SearchParameter-organizationaffiliation-participating-organization.html"}],"reference":{"reference":"SearchParameter/organizationaffiliation-participating-organization"},"name":"VhDir_sp_organizationaffiliation_participating_organization","exampleBoolean":true},{"extension":[{"url":"http://hl7.org/fhir/StructureDefinition/implementationguide-page","valueUri":"SearchParameter-organizationaffiliation-primary-organization.html"}],"reference":{"reference":"SearchParameter/organizationaffiliation-primary-organization"},"name":"VhDir_sp_organizationaffiliation_primary_organization","exampleBoolean":true},{"extension":[{"url":"http://hl7.org/fhir/StructureDefinition/implementationguide-page","valueUri":"SearchParameter-organizationaffiliation-role.html"}],"reference":{"reference":"SearchParameter/organizationaffiliation-role"},"name":"VhDir_sp_organizationaffiliation_role","exampleBoolean":true},{"extension":[{"url":"http://hl7.org/fhir/StructureDefinition/implementationguide-page","valueUri":"SearchParameter-organizationaffiliation-service.html"}],"reference":{"reference":"SearchParameter/organizationaffiliation-service"},"name":"VhDir_sp_organizationaffiliation_service","exampleBoolean":true},{"extension":[{"url":"http://hl7.org/fhir/StructureDefinition/implementationguide-page","valueUri":"SearchParameter-organizationaffiliation-specialty.html"}],"reference":{"reference":"SearchParameter/organizationaffiliation-specialty"},"name":"VhDir_sp_organizationaffiliation_specialty","exampleBoolean":true},{"extension":[{"url":"http://hl7.org/fhir/StructureDefinition/implementationguide-page","valueUri":"SearchParameter-organizationaffiliation-via-intermediary.html"}],"reference":{"reference":"SearchParameter/organizationaffiliation-via-intermediary"},"name":"VhDir_sp_organizationaffiliation_via_intermediary","exampleBoolean":true},{"extension":[{"url":"http://hl7.org/fhir/StructureDefinition/implementationguide-page","valueUri":"SearchParameter-practitioner-endpoint.html"}],"reference":{"reference":"SearchParameter/practitioner-endpoint"},"name":"VhDir_sp_practitioner_endpoint","exampleBoolean":true},{"extension":[{"url":"http://hl7.org/fhir/StructureDefinition/implementationguide-page","valueUri":"SearchParameter-practitioner-family-name.html"}],"reference":{"reference":"SearchParameter/practitioner-family-name"},"name":"VhDir_sp_practitioner_family_name","exampleBoolean":true},{"extension":[{"url":"http://hl7.org/fhir/StructureDefinition/implementationguide-page","valueUri":"SearchParameter-practitioner-given-name.html"}],"reference":{"reference":"SearchParameter/practitioner-given-name"},"name":"VhDir_sp_practitioner_given_name","exampleBoolean":true},{"extension":[{"url":"http://hl7.org/fhir/StructureDefinition/implementationguide-page","valueUri":"SearchParameter-practitioner-identifier-assigner.html"}],"reference":{"reference":"SearchParameter/practitioner-identifier-assigner"},"name":"VhDir_sp_practitioner_identifier_assigner","exampleBoolean":true},{"extension":[{"url":"http://hl7.org/fhir/StructureDefinition/implementationguide-page","valueUri":"SearchParameter-practitioner-identifier.html"}],"reference":{"reference":"SearchParameter/practitioner-identifier"},"name":"VhDir_sp_practitioner_identifier","exampleBoolean":true},{"extension":[{"url":"http://hl7.org/fhir/StructureDefinition/implementationguide-page","valueUri":"SearchParameter-practitioner-name.html"}],"reference":{"reference":"SearchParameter/practitioner-name"},"name":"VhDir_sp_practitioner_name","exampleBoolean":true},{"extension":[{"url":"http://hl7.org/fhir/StructureDefinition/implementationguide-page","valueUri":"SearchParameter-practitioner-phonetic.html"}],"reference":{"reference":"SearchParameter/practitioner-phonetic"},"name":"VhDir_sp_practitioner_phonetic","exampleBoolean":true},{"extension":[{"url":"http://hl7.org/fhir/StructureDefinition/implementationguide-page","valueUri":"SearchParameter-practitioner-qualification-code.html"}],"reference":{"reference":"SearchParameter/practitioner-qualification-code"},"name":"VhDir_sp_practitioner_qualification_code","exampleBoolean":true},{"extension":[{"url":"http://hl7.org/fhir/StructureDefinition/implementationguide-page","valueUri":"SearchParameter-practitioner-qualification-issuer.html"}],"reference":{"reference":"SearchParameter/practitioner-qualification-issuer"},"name":"VhDir_sp_practitioner_qualification_issuer","exampleBoolean":true},{"extension":[{"url":"http://hl7.org/fhir/StructureDefinition/implementationguide-page","valueUri":"SearchParameter-practitioner-qualification-period.html"}],"reference":{"reference":"SearchParameter/practitioner-qualification-period"},"name":"VhDir_sp_practitioner_qualification_period","exampleBoolean":true},{"extension":[{"url":"http://hl7.org/fhir/StructureDefinition/implementationguide-page","valueUri":"SearchParameter-practitioner-qualification-status.html"}],"reference":{"reference":"SearchParameter/practitioner-qualification-status"},"name":"VhDir_sp_practitioner_qualification_status","exampleBoolean":true},{"extension":[{"url":"http://hl7.org/fhir/StructureDefinition/implementationguide-page","valueUri":"SearchParameter-practitioner-qualification-wherevalid-code.html"}],"reference":{"reference":"SearchParameter/practitioner-qualification-wherevalid-code"},"name":"VhDir_sp_practitioner_qualification_wherevalid_code","exampleBoolean":true},{"extension":[{"url":"http://hl7.org/fhir/StructureDefinition/implementationguide-page","valueUri":"SearchParameter-practitioner-qualification-wherevalid-location.html"}],"reference":{"reference":"SearchParameter/practitioner-qualification-wherevalid-location"},"name":"VhDir_sp_practitioner_qualification_wherevalid_location","exampleBoolean":true},{"extension":[{"url":"http://hl7.org/fhir/StructureDefinition/implementationguide-page","valueUri":"SearchParameter-practitioner-via-intermediary.html"}],"reference":{"reference":"SearchParameter/practitioner-via-intermediary"},"name":"VhDir_sp_practitioner_via_intermediary","exampleBoolean":true},{"extension":[{"url":"http://hl7.org/fhir/StructureDefinition/implementationguide-page","valueUri":"SearchParameter-practitionerrole-endpoint.html"}],"reference":{"reference":"SearchParameter/practitionerrole-endpoint"},"name":"VhDir_sp_practitionerrole_endpoint","exampleBoolean":true},{"extension":[{"url":"http://hl7.org/fhir/StructureDefinition/implementationguide-page","valueUri":"SearchParameter-practitionerrole-identifier-assigner.html"}],"reference":{"reference":"SearchParameter/practitionerrole-identifier-assigner"},"name":"VhDir_sp_practitionerrole_identifier_assigner","exampleBoolean":true},{"extension":[{"url":"http://hl7.org/fhir/StructureDefinition/implementationguide-page","valueUri":"SearchParameter-practitionerrole-identifier.html"}],"reference":{"reference":"SearchParameter/practitionerrole-identifier"},"name":"VhDir_sp_practitionerrole_identifier","exampleBoolean":true},{"extension":[{"url":"http://hl7.org/fhir/StructureDefinition/implementationguide-page","valueUri":"SearchParameter-practitionerrole-location.html"}],"reference":{"reference":"SearchParameter/practitionerrole-location"},"name":"VhDir_sp_practitionerrole_location","exampleBoolean":true},{"extension":[{"url":"http://hl7.org/fhir/StructureDefinition/implementationguide-page","valueUri":"SearchParameter-practitionerrole-network.html"}],"reference":{"reference":"SearchParameter/practitionerrole-network"},"name":"VhDir_sp_practitionerrole_network","exampleBoolean":true},{"extension":[{"url":"http://hl7.org/fhir/StructureDefinition/implementationguide-page","valueUri":"SearchParameter-practitionerrole-new-patient-network.html"}],"reference":{"reference":"SearchParameter/practitionerrole-new-patient-network"},"name":"VhDir_sp_practitionerrole_new_patient_network","exampleBoolean":true},{"extension":[{"url":"http://hl7.org/fhir/StructureDefinition/implementationguide-page","valueUri":"SearchParameter-practitionerrole-new-patient.html"}],"reference":{"reference":"SearchParameter/practitionerrole-new-patient"},"name":"VhDir_sp_practitionerrole_new_patient","exampleBoolean":true},{"extension":[{"url":"http://hl7.org/fhir/StructureDefinition/implementationguide-page","valueUri":"SearchParameter-practitionerrole-organization.html"}],"reference":{"reference":"SearchParameter/practitionerrole-organization"},"name":"VhDir_sp_practitionerrole_organization","exampleBoolean":true},{"extension":[{"url":"http://hl7.org/fhir/StructureDefinition/implementationguide-page","valueUri":"SearchParameter-practitionerrole-practitioner.html"}],"reference":{"reference":"SearchParameter/practitionerrole-practitioner"},"name":"VhDir_sp_practitionerrole_practitioner","exampleBoolean":true},{"extension":[{"url":"http://hl7.org/fhir/StructureDefinition/implementationguide-page","valueUri":"SearchParameter-practitionerrole-qualification-code.html"}],"reference":{"reference":"SearchParameter/practitionerrole-qualification-code"},"name":"VhDir_sp_practitionerrole_qualification_code","exampleBoolean":true},{"extension":[{"url":"http://hl7.org/fhir/StructureDefinition/implementationguide-page","valueUri":"SearchParameter-practitionerrole-qualification-issuer.html"}],"reference":{"reference":"SearchParameter/practitionerrole-qualification-issuer"},"name":"VhDir_sp_practitionerrole_qualification_issuer","exampleBoolean":true},{"extension":[{"url":"http://hl7.org/fhir/StructureDefinition/implementationguide-page","valueUri":"SearchParameter-practitionerrole-qualification-status.html"}],"reference":{"reference":"SearchParameter/practitionerrole-qualification-status"},"name":"VhDir_sp_practitionerrole_qualification_status","exampleBoolean":true},{"extension":[{"url":"http://hl7.org/fhir/StructureDefinition/implementationguide-page","valueUri":"SearchParameter-practitionerrole-qualification-wherevalid-code.html"}],"reference":{"reference":"SearchParameter/practitionerrole-qualification-wherevalid-code"},"name":"VhDir_sp_practitionerrole_qualification_wherevalid_code","exampleBoolean":true},{"extension":[{"url":"http://hl7.org/fhir/StructureDefinition/implementationguide-page","valueUri":"SearchParameter-practitionerrole-qualification-wherevalid-location.html"}],"reference":{"reference":"SearchParameter/practitionerrole-qualification-wherevalid-location"},"name":"VhDir_sp_practitionerrole_qualification_wherevalid_location","exampleBoolean":true},{"extension":[{"url":"http://hl7.org/fhir/StructureDefinition/implementationguide-page","valueUri":"SearchParameter-practitionerrole-role.html"}],"reference":{"reference":"SearchParameter/practitionerrole-role"},"name":"VhDir_sp_practitionerrole_role","exampleBoolean":true},{"extension":[{"url":"http://hl7.org/fhir/StructureDefinition/implementationguide-page","valueUri":"SearchParameter-practitionerrole-service.html"}],"reference":{"reference":"SearchParameter/practitionerrole-service"},"name":"VhDir_sp_practitionerrole_service","exampleBoolean":true},{"extension":[{"url":"http://hl7.org/fhir/StructureDefinition/implementationguide-page","valueUri":"SearchParameter-practitionerrole-specialty.html"}],"reference":{"reference":"SearchParameter/practitionerrole-specialty"},"name":"VhDir_sp_practitionerrole_specialty","exampleBoolean":true},{"extension":[{"url":"http://hl7.org/fhir/StructureDefinition/implementationguide-page","valueUri":"SearchParameter-practitionerrole-via-intermediary.html"}],"reference":{"reference":"SearchParameter/practitionerrole-via-intermediary"},"name":"VhDir_sp_practitionerrole_via_intermediary","exampleBoolean":true},{"extension":[{"url":"http://hl7.org/fhir/StructureDefinition/implementationguide-page","valueUri":"SearchParameter-verificationresult-attestation-method.html"}],"reference":{"reference":"SearchParameter/verificationresult-attestation-method"},"name":"VhDir_sp_verificationresult_attestation_method","exampleBoolean":true},{"extension":[{"url":"http://hl7.org/fhir/StructureDefinition/implementationguide-page","valueUri":"SearchParameter-verificationresult-attestation-onbehalfof.html"}],"reference":{"reference":"SearchParameter/verificationresult-attestation-onbehalfof"},"name":"VhDir_sp_verificationresult_attestation_onbehalfof","exampleBoolean":true},{"extension":[{"url":"http://hl7.org/fhir/StructureDefinition/implementationguide-page","valueUri":"SearchParameter-verificationresult-attestation-who.html"}],"reference":{"reference":"SearchParameter/verificationresult-attestation-who"},"name":"VhDir_sp_verificationresult_attestation_who","exampleBoolean":true},{"extension":[{"url":"http://hl7.org/fhir/StructureDefinition/implementationguide-page","valueUri":"SearchParameter-verificationresult-primarysource-date.html"}],"reference":{"reference":"SearchParameter/verificationresult-primarysource-date"},"name":"VhDir_sp_verificationresult_primarysource_date","exampleBoolean":true},{"extension":[{"url":"http://hl7.org/fhir/StructureDefinition/implementationguide-page","valueUri":"SearchParameter-verificationresult-primarysource-type.html"}],"reference":{"reference":"SearchParameter/verificationresult-primarysource-type"},"name":"VhDir_sp_verificationresult_primarysource_type","exampleBoolean":true},{"extension":[{"url":"http://hl7.org/fhir/StructureDefinition/implementationguide-page","valueUri":"SearchParameter-verificationresult-primarysource-who.html"}],"reference":{"reference":"SearchParameter/verificationresult-primarysource-who"},"name":"VhDir_sp_verificationresult_primarysource_who","exampleBoolean":true},{"extension":[{"url":"http://hl7.org/fhir/StructureDefinition/implementationguide-page","valueUri":"SearchParameter-verificationresult-status-date.html"}],"reference":{"reference":"SearchParameter/verificationresult-status-date"},"name":"VhDir_sp_verificationresult_status_date","exampleBoolean":true},{"extension":[{"url":"http://hl7.org/fhir/StructureDefinition/implementationguide-page","valueUri":"SearchParameter-verificationresult-target.html"}],"reference":{"reference":"SearchParameter/verificationresult-target"},"name":"VhDir_sp_verificationresult_target","exampleBoolean":true},{"extension":[{"url":"http://hl7.org/fhir/StructureDefinition/implementationguide-page","valueUri":"SearchParameter-verificationresult-validation-status.html"}],"reference":{"reference":"SearchParameter/verificationresult-validation-status"},"name":"VhDir_sp_verificationresult_validation_status","exampleBoolean":true},{"extension":[{"url":"http://hl7.org/fhir/StructureDefinition/implementationguide-page","valueUri":"SearchParameter-verificationresult-validator-organization.html"}],"reference":{"reference":"SearchParameter/verificationresult-validator-organization"},"name":"VhDir_sp_verificationresult_validator_organization","exampleBoolean":true},{"extension":[{"url":"http://hl7.org/fhir/StructureDefinition/implementationguide-page","valueUri":"Location-location1WSAddress.html"}],"reference":{"reference":"Location/location1WSAddress"},"name":"Example: location1WSAddress","exampleBoolean":true}],"page":{"nameUrl":"index.html","title":"DaVinci PDEX Plan Net","generation":"html"}}}