{"resourceType":"SearchParameter","id":"insuranceplan-specific-cost-cost-type","text":{"status":"generated","div":"<div xmlns=\"http://www.w3.org/1999/xhtml\"><p><b>Generated Narrative with Details</b></p><p><b>url</b>: <b>http://hl7.org/fhir/uv/vhdir/SearchParameter/insuranceplan-specific-cost-cost-type</b></p><p><b>name</b>: VhDir_sp_insuranceplan_specific_cost_cost_type</p><p><b>status</b>: DRAFT</p><p><b>date</b>: May 23, 2018, 12:00:00 AM</p><p><b>publisher</b>: HL7 Patient Administration Committee</p><p><b>contact</b>: </p><p><b>description</b>: Select plans which include the specified type of cost</p><p><b>code</b>: specific-cost-cost-type</p><p><b>base</b>: InsurancePlan</p><p><b>type</b>: TOKEN</p><p><b>expression</b>: InsurancePlan.plan.specificCost.benefit.cost.type</p><p><b>multipleOr</b>: true</p><p><b>multipleAnd</b>: true</p><p><b>modifier</b>: TEXT</p></div>"},"url":"http://hl7.org/fhir/uv/vhdir/SearchParameter/insuranceplan-specific-cost-cost-type","version":"0.1.0","name":"VhDir_sp_insuranceplan_specific_cost_cost_type","status":"draft","date":"2018-05-22T20:00:00-04:00","publisher":"HL7 Patient Administration Committee","contact":[{"telecom":[{"system":"url","value":"http://www.hl7.org/Special/committees/pafm/index.cfm"}]}],"description":"Select plans which include the specified type of cost","code":"specific-cost-cost-type","base":["InsurancePlan"],"type":"token","expression":"InsurancePlan.plan.specificCost.benefit.cost.type","multipleOr":true,"multipleAnd":true,"modifier":["text"]}