{"resourceType":"SearchParameter","id":"insuranceplan-plan-identifier","text":{"status":"generated","div":"<div xmlns=\"http://www.w3.org/1999/xhtml\"><p><b>Generated Narrative with Details</b></p><p><b>url</b>: <b>http://hl7.org/fhir/uv/vhdir/SearchParameter/insuranceplan-plan-identifier</b></p><p><b>name</b>: VhDir_sp_insuranceplan_plan_identifier</p><p><b>status</b>: DRAFT</p><p><b>date</b>: May 23, 2018, 12:00:00 AM</p><p><b>publisher</b>: HL7 Patient Administration Committee</p><p><b>contact</b>: </p><p><b>description</b>: Select plans with the specified identifier</p><p><b>code</b>: plan-identifier</p><p><b>base</b>: InsurancePlan</p><p><b>type</b>: TOKEN</p><p><b>expression</b>: InsurancePlan.plan.identifier</p><p><b>multipleOr</b>: true</p><p><b>multipleAnd</b>: true</p><p><b>modifier</b>: TEXT, OFTYPE</p></div>"},"url":"http://hl7.org/fhir/uv/vhdir/SearchParameter/insuranceplan-plan-identifier","version":"0.1.0","name":"VhDir_sp_insuranceplan_plan_identifier","status":"draft","date":"2018-05-22T20:00:00-04:00","publisher":"HL7 Patient Administration Committee","contact":[{"telecom":[{"system":"url","value":"http://www.hl7.org/Special/committees/pafm/index.cfm"}]}],"description":"Select plans with the specified identifier","code":"plan-identifier","base":["InsurancePlan"],"type":"token","expression":"InsurancePlan.plan.identifier","multipleOr":true,"multipleAnd":true,"modifier":["text","ofType"]}