{"resourceType":"SearchParameter","id":"location-status","text":{"status":"generated","div":"<div xmlns=\"http://www.w3.org/1999/xhtml\"><p><b>Generated Narrative with Details</b></p><p><b>url</b>: <b>http://hl7.org/fhir/uv/vhdir/SearchParameter/location-status</b></p><p><b>name</b>: VhDir_sp_location_status</p><p><b>derivedFrom</b>: <a href=\"http://hl7.org/fhir/SearchParameter/Location-status\">http://hl7.org/fhir/SearchParameter/Location-status</a></p><p><b>status</b>: DRAFT</p><p><b>date</b>: May 23, 2018, 12:00:00 AM</p><p><b>publisher</b>: HL7 Patient Administration Committee</p><p><b>contact</b>: </p><p><b>description</b>: Select Locations with the specified status</p><p><b>code</b>: status</p><p><b>base</b>: Location</p><p><b>type</b>: TOKEN</p><p><b>expression</b>: Location.status</p><p><b>multipleOr</b>: true</p><p><b>multipleAnd</b>: true</p></div>"},"url":"http://hl7.org/fhir/uv/vhdir/SearchParameter/location-status","version":"0.1.0","name":"VhDir_sp_location_status","derivedFrom":"http://hl7.org/fhir/SearchParameter/Location-status","status":"draft","date":"2018-05-22T20:00:00-04:00","publisher":"HL7 Patient Administration Committee","contact":[{"telecom":[{"system":"url","value":"http://www.hl7.org/Special/committees/pafm/index.cfm"}]}],"description":"Select Locations with the specified status","code":"status","base":["Location"],"type":"token","expression":"Location.status","multipleOr":true,"multipleAnd":true}