{
  "resourceType": "ImplementationGuide",
  "id": "hl7.fhir.us.davinci-pdex-plan-net-0.0.1.044",
  "meta": {
    "versionId": "45",
    "lastUpdated": "2019-07-08T23:27:42.000-04:00",
    "security": [
      {
        "system": "https://trifolia-fhir.lantanagroup.com/security",
        "code": "everyone^read"
      },
      {
        "system": "https://trifolia-fhir.lantanagroup.com/security",
        "code": "everyone^write"
      }
    ]
  },
  "text": {
    "status": "generated",
    "div": "<div xmlns=\"http://www.w3.org/1999/xhtml\"><h2>DaVinciPayerDataExchangePlanNetwork</h2><p>The official URL for this implementation guide is: </p><pre>http://hl7.org/fhir/us/davinci-pdex/ImplementationGuide/pdex-plan-net</pre><div><p>This specification is currently undergoing ballot and connectathon testing. It is expected to evolve, possibly significantly, as part of that process.\nFeedback is welcome and may be submitted through the FHIR gForge tracker indicating US Da Vinci PDex-plan-net as the specification. If balloting on this Implementation Guide (IG), please submit your comments via the tracker and just reference them in your ballot submission.</p>\n<p>This Implementation Guide should be read in conjunction with the Payer Data exchange Implementation Guide (PDex-IG).\nThis IG covers the requirements and profiles required to enable health plans to publish Healthcare and Pharmacy network information to members via API.</p>\n<p>See the <a href=\"toc.html\">Table of Contents</a> for more information.</p>\n<h4>Latest Changes</h4>\n<ul>\n<li>044: Adding Location Profile</li>\n<li>040: Fix PractitionerRole links</li>\n<li>035: fixing profile references</li>\n<li>033: Added Organization to resources</li>\n<li>031: fixed 2.0 in page name - it breaks markdown/html</li>\n</ul>\n</div></div>"
  },
  "url": "http://hl7.org/fhir/us/davinci-pdex/ImplementationGuide/pdex-plan-net",
  "version": "0.0.1.044",
  "name": "DaVinciPayerDataExchangePlanNetwork",
  "title": "Da Vinci Payer Data exchange Plan Network Directory",
  "status": "draft",
  "publisher": "HL7 Da Vinci",
  "contact": [
    {
      "name": "Dan Chaput"
    },
    {
      "name": "Mark Scrimshire",
      "telecom": [
        {
          "system": "email",
          "value": "mark@ekivemark.com"
        }
      ]
    }
  ],
  "description": "This specification is currently undergoing ballot and connectathon testing. It is expected to evolve, possibly significantly, as part of that process.\nFeedback is welcome and may be submitted through the FHIR gForge tracker indicating US Da Vinci PDex-plan-net as the specification. If balloting on this Implementation Guide (IG), please submit your comments via the tracker and just reference them in your ballot submission.\n\nThis Implementation Guide should be read in conjunction with the Payer Data exchange Implementation Guide (PDex-IG).\nThis IG covers the requirements and profiles required to enable health plans to publish Healthcare and Pharmacy network information to members via API.\n\nSee the [Table of Contents](toc.html) for more information.\n\n#### Latest Changes\n- 044: Adding Location Profile\n- 040: Fix PractitionerRole links\n- 035: fixing profile references\n- 033: Added Organization to resources\n- 031: fixed 2.0 in page name - it breaks markdown/html\n",
  "packageId": "hl7.fhir.us.davinci-pdex-plan-net",
  "license": "CC0-1.0",
  "fhirVersion": [
    "4.0.0"
  ],
  "dependsOn": [
    {
      "uri": "http://hl7.org/fhir/us/core/ImplementationGuide/hl7.fhir.us.core-3.0.0",
      "packageId": "hl7.fhir.us.core",
      "version": "current"
    }
  ],
  "definition": {
    "resource": [
      {
        "extension": [
          {
            "url": "http://hl7.org/fhir/StructureDefinition/implementationguide-page",
            "valueUri": "StructureDefinition-pdexplanpractitioner.html"
          }
        ],
        "reference": {
          "reference": "StructureDefinition/pdexplanpractitioner",
          "display": "PDexPlanPractitioner"
        },
        "name": "PDexPlanPractitioner",
        "exampleBoolean": false
      },
      {
        "extension": [
          {
            "url": "http://hl7.org/fhir/StructureDefinition/implementationguide-page",
            "valueUri": "StructureDefinition-pdexplanorganization.html"
          }
        ],
        "reference": {
          "reference": "StructureDefinition/pdexplanorganization",
          "display": "PdexPlanOrganization"
        },
        "name": "PdexPlanOrganization",
        "exampleBoolean": false
      },
      {
        "extension": [
          {
            "url": "http://hl7.org/fhir/StructureDefinition/implementationguide-page",
            "valueUri": "StructureDefinition-PdexPlanPractitionerRole.html"
          }
        ],
        "reference": {
          "reference": "StructureDefinition/PdexPlanPractitionerRole",
          "display": "PDexPlanPractitionerRole"
        },
        "name": "PDexPlanPractitionerRole",
        "exampleBoolean": false
      },
      {
        "extension": [
          {
            "url": "http://hl7.org/fhir/StructureDefinition/implementationguide-page",
            "valueUri": "StructureDefinition-pdexplanlocation.html"
          }
        ],
        "reference": {
          "reference": "StructureDefinition/pdexplanlocation",
          "display": "PdexPlanLocation"
        },
        "name": "PdexPlanLocation",
        "exampleBoolean": false
      }
    ],
    "page": {
      "nameUrl": "toc.md",
      "title": "Table of Contents",
      "generation": "generated",
      "page": [
        {
          "nameUrl": "1_Home_Page.html",
          "title": "1 Home Page",
          "generation": "markdown",
          "page": [
            {
              "nameUrl": "1-1_Conventions.html",
              "title": "1-1 Conventions",
              "generation": "markdown"
            },
            {
              "nameUrl": "1-2_FHIR.html",
              "title": "1-2 FHIR",
              "generation": "markdown"
            },
            {
              "nameUrl": "1-3_Supporting_Specifications.html",
              "title": "1-3 Supporting Specifications",
              "generation": "markdown"
            }
          ]
        },
        {
          "nameUrl": "2_Introduction.html",
          "title": "2 Introduction",
          "generation": "markdown",
          "page": [
            {
              "nameUrl": "2-1_Implementation_Guide_Scope.html",
              "title": "2-1 Implementation Guide Scope",
              "generation": "markdown"
            }
          ]
        },
        {
          "nameUrl": "3_Actors,_Profiles_and_Methods.html",
          "title": "3 Actors, Profiles and Methods",
          "generation": "markdown",
          "page": [
            {
              "nameUrl": "3-1_Actors.html",
              "title": "3-1 Actors",
              "generation": "markdown"
            },
            {
              "nameUrl": "3-2_Profiles.html",
              "title": "3-2 Profiles",
              "generation": "markdown"
            },
            {
              "nameUrl": "3-3_OAuth2_and_FHIR_APIs.html",
              "title": "3-3 OAuth2 and FHIR APIs",
              "generation": "markdown"
            }
          ]
        },
        {
          "nameUrl": "4_Credits.html",
          "title": "4 Credits",
          "generation": "markdown"
        }
      ]
    }
  }
}