{
  "resourceType": "SearchParameter",
  "id": "organization-qualification-wherevalid-code",
  "text": {
    "status": "generated",
    "div": "<div xmlns=\"http://www.w3.org/1999/xhtml\"><p><b>Generated Narrative with Details</b></p><p><b>url</b>: <b>http://hl7.org/fhir/uv/vhdir/SearchParameter/organization-qualification-wherevalid-code</b></p><p><b>name</b>: VhDir_sp_organization_qualification_wherevalid_code</p><p><b>status</b>: DRAFT</p><p><b>date</b>: May 23, 2018, 12:00:00 AM</p><p><b>publisher</b>: HL7 Patient Administration Committee</p><p><b>contact</b>: </p><p><b>description</b>: Select Organizations with a qualification that is valid at the location indicated by the specified code</p><p><b>code</b>: qualification-wherevalid-code</p><p><b>base</b>: Organization</p><p><b>type</b>: TOKEN</p><p><b>expression</b>: Organization.extension('http://hl7.org/fhir/uv/vhdir/StructureDefinition/qualification').extension('whereValid').as(CodeableConcept)</p><p><b>multipleOr</b>: true</p><p><b>multipleAnd</b>: true</p><p><b>modifier</b>: TEXT</p></div>"
  },
  "url": "http://hl7.org/fhir/uv/vhdir/SearchParameter/organization-qualification-wherevalid-code",
  "version": "0.2.0",
  "name": "VhDir_sp_organization_qualification_wherevalid_code",
  "status": "draft",
  "date": "2018-05-23T00:00:00+00:00",
  "publisher": "HL7 Patient Administration Committee",
  "contact": [
    {
      "telecom": [
        {
          "system": "url",
          "value": "http://www.hl7.org/Special/committees/pafm/index.cfm"
        }
      ]
    }
  ],
  "description": "Select Organizations with a qualification that is valid at the location indicated by the specified code",
  "code": "qualification-wherevalid-code",
  "base": [
    "Organization"
  ],
  "type": "token",
  "expression": "Organization.extension('http://hl7.org/fhir/uv/vhdir/StructureDefinition/qualification').extension('whereValid').as(CodeableConcept)",
  "multipleOr": true,
  "multipleAnd": true,
  "modifier": [
    "text"
  ]
}