{
  "resourceType": "SearchParameter",
  "id": "insuranceplan-general-cost-value",
  "text": {
    "status": "generated",
    "div": "<div xmlns=\"http://www.w3.org/1999/xhtml\"><p><b>Generated Narrative with Details</b></p><p><b>url</b>: <b>http://hl7.org/fhir/uv/vhdir/SearchParameter/insuranceplan-general-cost-value</b></p><p><b>name</b>: VhDir_sp_insuranceplan_general_cost_value</p><p><b>status</b>: DRAFT</p><p><b>date</b>: May 23, 2018, 12:00:00 AM</p><p><b>publisher</b>: HL7 Patient Administration Committee</p><p><b>contact</b>: </p><p><b>description</b>: Select plans which include the specified cost</p><p><b>code</b>: general-cost-value</p><p><b>base</b>: InsurancePlan</p><p><b>type</b>: QUANTITY</p><p><b>expression</b>: InsurancePlan.plan.generalCost.cost</p><p><b>multipleOr</b>: true</p><p><b>multipleAnd</b>: true</p><p><b>comparator</b>: EQ, GT, LT, GE, LE, SA, EB</p></div>"
  },
  "url": "http://hl7.org/fhir/uv/vhdir/SearchParameter/insuranceplan-general-cost-value",
  "version": "0.2.0",
  "name": "VhDir_sp_insuranceplan_general_cost_value",
  "status": "draft",
  "date": "2018-05-23T00:00:00+00:00",
  "publisher": "HL7 Patient Administration Committee",
  "contact": [
    {
      "telecom": [
        {
          "system": "url",
          "value": "http://www.hl7.org/Special/committees/pafm/index.cfm"
        }
      ]
    }
  ],
  "description": "Select plans which include the specified cost",
  "code": "general-cost-value",
  "base": [
    "InsurancePlan"
  ],
  "type": "quantity",
  "expression": "InsurancePlan.plan.generalCost.cost",
  "multipleOr": true,
  "multipleAnd": true,
  "comparator": [
    "eq",
    "gt",
    "lt",
    "ge",
    "le",
    "sa",
    "eb"
  ]
}