{
  "resourceType": "SearchParameter",
  "id": "practitionerrole-qualification-status",
  "text": {
    "status": "generated",
    "div": "<div xmlns=\"http://www.w3.org/1999/xhtml\"><p><b>Generated Narrative with Details</b></p><p><b>url</b>: <b>http://hl7.org/fhir/uv/vhdir/SearchParameter/practitionerrole-qualification-status</b></p><p><b>name</b>: VhDir_sp_practitionerrole_qualification_status</p><p><b>status</b>: DRAFT</p><p><b>date</b>: May 23, 2018, 12:00:00 AM</p><p><b>publisher</b>: HL7 Patient Administration Committee</p><p><b>contact</b>: </p><p><b>description</b>: Select PractitionerRoles with a qualification status matching the specified code</p><p><b>code</b>: qualification-status</p><p><b>base</b>: PractitionerRole</p><p><b>type</b>: TOKEN</p><p><b>expression</b>: PractitionerRole.extension('http://hl7.org/fhir/uv/vhdir/StructureDefinition/qualification').extension('status')</p><p><b>multipleOr</b>: true</p><p><b>multipleAnd</b>: true</p></div>"
  },
  "url": "http://hl7.org/fhir/uv/vhdir/SearchParameter/practitionerrole-qualification-status",
  "version": "0.2.0",
  "name": "VhDir_sp_practitionerrole_qualification_status",
  "status": "draft",
  "date": "2018-05-23T00:00:00+00:00",
  "publisher": "HL7 Patient Administration Committee",
  "contact": [
    {
      "telecom": [
        {
          "system": "url",
          "value": "http://www.hl7.org/Special/committees/pafm/index.cfm"
        }
      ]
    }
  ],
  "description": "Select PractitionerRoles with a qualification status matching the specified code",
  "code": "qualification-status",
  "base": [
    "PractitionerRole"
  ],
  "type": "token",
  "expression": "PractitionerRole.extension('http://hl7.org/fhir/uv/vhdir/StructureDefinition/qualification').extension('status')",
  "multipleOr": true,
  "multipleAnd": true
}