{
  "resourceType": "SearchParameter",
  "id": "verificationresult-primarysource-date",
  "text": {
    "status": "generated",
    "div": "<div xmlns=\"http://www.w3.org/1999/xhtml\"><p><b>Generated Narrative with Details</b></p><p><b>url</b>: <b>http://hl7.org/fhir/uv/vhdir/SearchParameter/verificationresult-primarysource-date</b></p><p><b>name</b>: VhDir_sp_verificationresult_primarysource_date</p><p><b>status</b>: DRAFT</p><p><b>date</b>: May 23, 2018, 12:00:00 AM</p><p><b>publisher</b>: HL7 Patient Administration Committee</p><p><b>contact</b>: </p><p><b>description</b>: Select validation information for data that was validated against a primary source on the specified date</p><p><b>code</b>: primarysource-date</p><p><b>base</b>: VerificationResult</p><p><b>type</b>: DATE</p><p><b>expression</b>: VerificationResult.primarySource.validationDate</p><p><b>multipleOr</b>: true</p><p><b>multipleAnd</b>: true</p><p><b>comparator</b>: EQ, GT, LT, GE, LE, SA, EB</p></div>"
  },
  "url": "http://hl7.org/fhir/uv/vhdir/SearchParameter/verificationresult-primarysource-date",
  "version": "0.2.0",
  "name": "VhDir_sp_verificationresult_primarysource_date",
  "status": "draft",
  "date": "2018-05-23T00:00:00+00:00",
  "publisher": "HL7 Patient Administration Committee",
  "contact": [
    {
      "telecom": [
        {
          "system": "url",
          "value": "http://www.hl7.org/Special/committees/pafm/index.cfm"
        }
      ]
    }
  ],
  "description": "Select validation information for data that was validated against a primary source on the specified date",
  "code": "primarysource-date",
  "base": [
    "VerificationResult"
  ],
  "type": "date",
  "expression": "VerificationResult.primarySource.validationDate",
  "multipleOr": true,
  "multipleAnd": true,
  "comparator": [
    "eq",
    "gt",
    "lt",
    "ge",
    "le",
    "sa",
    "eb"
  ]
}