{
  "resourceType": "SearchParameter",
  "id": "careteam-identifier-assigner",
  "text": {
    "status": "generated",
    "div": "<div xmlns=\"http://www.w3.org/1999/xhtml\"><p><b>Generated Narrative with Details</b></p><p><b>url</b>: <b>http://hl7.org/fhir/uv/vhdir/SearchParameter/careteam-identifier-assigner</b></p><p><b>name</b>: VhDir_sp_careteam_identifier_assigner</p><p><b>status</b>: DRAFT</p><p><b>date</b>: May 23, 2018, 12:00:00 AM</p><p><b>publisher</b>: HL7 Patient Administration Committee</p><p><b>contact</b>: </p><p><b>description</b>: Select CareTeams with an identifier issued by the specified organization</p><p><b>code</b>: identifier-assigner</p><p><b>base</b>: CareTeam</p><p><b>type</b>: REFERENCE</p><p><b>expression</b>: CareTeam.identifier.assigner</p><p><b>target</b>: Organization</p><p><b>multipleOr</b>: true</p><p><b>multipleAnd</b>: true</p><p><b>modifier</b>: BELOW</p><p><b>chain</b>: identifier, name</p></div>"
  },
  "url": "http://hl7.org/fhir/uv/vhdir/SearchParameter/careteam-identifier-assigner",
  "version": "0.2.0",
  "name": "VhDir_sp_careteam_identifier_assigner",
  "status": "draft",
  "date": "2018-05-23T00:00:00+00:00",
  "publisher": "HL7 Patient Administration Committee",
  "contact": [
    {
      "telecom": [
        {
          "system": "url",
          "value": "http://www.hl7.org/Special/committees/pafm/index.cfm"
        }
      ]
    }
  ],
  "description": "Select CareTeams with an identifier issued by the specified organization",
  "code": "identifier-assigner",
  "base": [
    "CareTeam"
  ],
  "type": "reference",
  "expression": "CareTeam.identifier.assigner",
  "target": [
    "Organization"
  ],
  "multipleOr": true,
  "multipleAnd": true,
  "modifier": [
    "below"
  ],
  "chain": [
    "identifier",
    "name"
  ]
}