{
  "resourceType": "SearchParameter",
  "id": "organizationaffiliation-identifier",
  "text": {
    "status": "generated",
    "div": "<div xmlns=\"http://www.w3.org/1999/xhtml\"><p><b>Generated Narrative with Details</b></p><p><b>url</b>: <b>http://hl7.org/fhir/uv/vhdir/SearchParameter/organizationaffiliation-identifier</b></p><p><b>name</b>: VhDir_sp_organizationaffiliation_identifier</p><p><b>derivedFrom</b>: <a href=\"http://hl7.org/fhir/SearchParameter/OrganizationAffiliation-identifier\">http://hl7.org/fhir/SearchParameter/OrganizationAffiliation-identifier</a></p><p><b>status</b>: DRAFT</p><p><b>date</b>: May 23, 2018, 12:00:00 AM</p><p><b>publisher</b>: HL7 Patient Administration Committee</p><p><b>contact</b>: </p><p><b>description</b>: Select OrganizationAffiliations with the specified identifier</p><p><b>code</b>: identifier</p><p><b>base</b>: OrganizationAffiliation</p><p><b>type</b>: TOKEN</p><p><b>expression</b>: OrganizationAffiliation.identifier</p><p><b>multipleOr</b>: true</p><p><b>multipleAnd</b>: true</p><p><b>modifier</b>: TEXT, OFTYPE</p></div>"
  },
  "url": "http://hl7.org/fhir/uv/vhdir/SearchParameter/organizationaffiliation-identifier",
  "version": "0.2.0",
  "name": "VhDir_sp_organizationaffiliation_identifier",
  "derivedFrom": "http://hl7.org/fhir/SearchParameter/OrganizationAffiliation-identifier",
  "status": "draft",
  "date": "2018-05-23T00:00:00+00:00",
  "publisher": "HL7 Patient Administration Committee",
  "contact": [
    {
      "telecom": [
        {
          "system": "url",
          "value": "http://www.hl7.org/Special/committees/pafm/index.cfm"
        }
      ]
    }
  ],
  "description": "Select OrganizationAffiliations with the specified identifier",
  "code": "identifier",
  "base": [
    "OrganizationAffiliation"
  ],
  "type": "token",
  "expression": "OrganizationAffiliation.identifier",
  "multipleOr": true,
  "multipleAnd": true,
  "modifier": [
    "text",
    "ofType"
  ]
}