{
  "resourceType": "SearchParameter",
  "id": "organization-coverage-area",
  "text": {
    "status": "generated",
    "div": "<div xmlns=\"http://www.w3.org/1999/xhtml\"><p><b>Generated Narrative with Details</b></p><p><b>url</b>: <b>http://hl7.org/fhir/uv/vhdir/SearchParameter/organization-coverage-area</b></p><p><b>name</b>: VhDir_sp_network_coverage_area</p><p><b>status</b>: DRAFT</p><p><b>date</b>: May 23, 2018, 12:00:00 AM</p><p><b>publisher</b>: HL7 Patient Administration Committee</p><p><b>contact</b>: </p><p><b>description</b>: Select health insurance provider networks available in a region described by the specified location</p><p><b>code</b>: coverage-area</p><p><b>base</b>: Organization</p><p><b>type</b>: REFERENCE</p><p><b>expression</b>: Organization.extension('http://hl7.org/fhir/uv/vhdir/StructureDefinition/location-reference')</p><p><b>target</b>: Location</p><p><b>multipleOr</b>: true</p><p><b>multipleAnd</b>: true</p><p><b>chain</b>: identifier, contains</p></div>"
  },
  "url": "http://hl7.org/fhir/uv/vhdir/SearchParameter/organization-coverage-area",
  "version": "0.2.0",
  "name": "VhDir_sp_network_coverage_area",
  "status": "draft",
  "date": "2018-05-23T00:00:00+00:00",
  "publisher": "HL7 Patient Administration Committee",
  "contact": [
    {
      "telecom": [
        {
          "system": "url",
          "value": "http://www.hl7.org/Special/committees/pafm/index.cfm"
        }
      ]
    }
  ],
  "description": "Select health insurance provider networks available in a region described by the specified location",
  "code": "coverage-area",
  "base": [
    "Organization"
  ],
  "type": "reference",
  "expression": "Organization.extension('http://hl7.org/fhir/uv/vhdir/StructureDefinition/location-reference')",
  "target": [
    "Location"
  ],
  "multipleOr": true,
  "multipleAnd": true,
  "chain": [
    "identifier",
    "contains"
  ]
}